model,cv_time_s,r2_mean,r2_std,r2_train_mean,r2_overfit_gap,neg_rmse_mean,neg_rmse_std,neg_rmse_train_mean,neg_rmse_overfit_gap,neg_mae_mean,neg_mae_std,neg_mae_train_mean,neg_mae_overfit_gap,neg_medae_mean,neg_medae_std,neg_medae_train_mean,neg_medae_overfit_gap,neg_mape_mean,neg_mape_std,neg_mape_train_mean,neg_mape_overfit_gap,explained_var_mean,explained_var_std,explained_var_train_mean,explained_var_overfit_gap
GradientBoosting,0.62,0.9843125608489551,0.001993314930413551,0.9928455410798932,0.00853298023093807,-2054.448404296912,64.93592135056892,-1399.9980729187314,654.4503313781806,-1532.91402176918,26.093565379060937,-1061.4664020298255,471.4476197393544,-1251.9208695971904,61.745281733149845,-885.5224091961563,366.3984604010341,-0.07331825919452618,0.0017989261835181457,-0.054692261850081234,0.01862599734444495,0.9844798391779495,0.0019725338794840458,0.9928456014075142,0.008365762229564755
Lasso,0.13,0.9839840554627697,0.002263916013619704,0.9848789313940504,0.0008948759312806809,-2076.574769597164,109.06770077739823,-2035.7374316577764,40.83733793938768,-1567.6211758465126,74.0622553689974,-1537.030927628892,30.590248217620683,-1299.456697515166,62.21953567573654,-1245.998265902037,53.45843161312905,-0.07393843855719379,0.0026543281753905507,-0.07266456979324913,0.001273868763944655,0.9840831777388974,0.002250025634660738,0.9848789313940504,0.000795753655152942
BayesianRidge,0.1,0.9837612464899189,0.002247640588290595,0.9850008130952366,0.0012395666053176546,-2090.4993919760686,96.8899307600582,-2027.490167954166,63.00922402190258,-1574.526449112966,73.69760249709677,-1532.330015497873,42.19643361509293,-1276.5865513032775,83.52643650326378,-1236.170972512119,40.415578791158396,-0.07434550369821055,0.0026136573506074074,-0.0724900244935568,0.0018554792046537455,0.9838662147290691,0.0022390124667924457,0.9850008130952366,0.001134598366167472
Ridge,0.1,0.9836431180710333,0.002581925630273313,0.984759116299475,0.0011159982284416614,-2097.085496107612,126.6692062342954,-2043.7492413408443,53.33625476676775,-1570.6910193704612,88.46294131596868,-1533.7204038671969,36.9706155032643,-1260.0931549754416,85.21210442469946,-1233.8524281521018,26.240726823339855,-0.07457147552577403,0.003023791291813482,-0.07295164767367732,0.0016198278520967169,0.9837526918895655,0.00256331482781119,0.984759116299475,0.001006424409909501
RandomForest,0.53,0.9835262190006159,0.0016668906788288728,0.9944629687957358,0.010936749795119938,-2109.5268914069848,86.68251137283727,-1231.757644250119,877.7692471568657,-1578.03617616153,23.69906478119643,-916.2415756645908,661.7946004969392,-1259.9096452883207,60.87011434590155,-736.6001855914513,523.3094596968693,-0.07593703717704643,0.002495306282026768,-0.04508562586716972,0.03085141130987671,0.9836991222878106,0.001616258865676331,0.9944632543183642,0.010764132030553597
Bagging,2.22,0.9831441697407535,0.0017994657343154566,0.9977070757167361,0.014562905975982643,-2132.954297149115,83.53890832607722,-792.2884416601518,1340.6658554889632,-1598.1123693591446,24.407836046188606,-590.6414857391478,1007.4708836199968,-1235.5752335018224,112.90971486973767,-467.2735397610644,768.301693740758,-0.07722414618837545,0.0021886478144044646,-0.02841773632522651,0.048806409863148936,0.9833276807691116,0.0017512272415160664,0.9977075246124242,0.01437984384331259
ExtraTrees,0.38,0.9830693458669503,0.0020275458307195708,0.9950081621564291,0.011938816289478793,-2135.102247177264,53.73053604277052,-1169.477861440661,965.624385736603,-1610.4340341527352,31.505355825210177,-848.5176118625325,761.9164222902027,-1281.913135401329,95.90423707396548,-663.7441919666328,618.1689434346963,-0.07771460925043011,0.0030293213989386037,-0.04336244042153327,0.03435216882889684,0.9833193250161685,0.002027192849006703,0.9950081621564291,0.011688837140260588
XGBoost,1.25,0.9830296682900691,0.002950710325323684,0.9917678487654611,0.008738180475391988,-2134.132460685242,173.6495927084511,-1501.696147750043,632.4363129351991,-1554.0447400334183,25.56170778182124,-1125.9854034652735,428.0593365681448,-1281.1887394072244,43.07891536763221,-932.032395655938,349.1563437512864,-0.0736476344941138,0.001268665683632401,-0.05729899800719005,0.016348636486923744,0.9832632214880153,0.0028215528282322486,0.9917680365709938,0.008504815082978512
DecisionTree,0.08,0.9808706193873193,0.0016988801499338612,0.9877649405324526,0.00689432114513322,-2274.4222032586395,78.8779125326665,-1830.896403023362,443.52580023527753,-1749.784421549278,33.98898037274424,-1378.6172557819505,371.16716576732756,-1422.4378983428742,121.44673211155032,-1093.586756490433,328.8511418524413,-0.08354086394096127,0.003891158516523172,-0.06938381666922215,0.014157047271739123,0.9810648250651874,0.0017219552694351377,0.9877649405324526,0.006700115467265122
AdaBoost,0.25,0.9713675844604946,0.005094088988326729,0.9753657591973969,0.003998174736902227,-2768.8180677864125,158.1815864360462,-2598.297357555879,170.5207102305335,-2276.7180259799998,97.00802247785495,-2162.3888940088996,114.3291319711002,-2070.9512656474535,104.07509675435502,-2031.7545469783079,39.19671866914564,-0.12167772913810773,0.00533619055184944,-0.11828659987490808,0.0033911292631996492,0.9747452129203005,0.005770877423434091,0.978412923340042,0.0036677104197415655
HuberRegressor,0.36,0.9536221026067059,0.012683784893715255,0.9562112241024987,0.0025891214957928232,-3506.780040033135,462.21116472986995,-3456.838199797437,49.94184023569778,-2252.7038787918873,218.4836549565911,-2209.073299404009,43.63057938787824,-1390.8545839749886,79.29226687050144,-1380.9167855218013,9.93779845318727,-0.09495653212782204,0.006765883789349194,-0.09370077817329878,0.0012557539545232643,0.9540803348645488,0.012845798572666288,0.956292475716612,0.002212140852063227
ElasticNet,0.1,0.8844623726249337,0.01661868040706724,0.888397378667262,0.003935006042328326,-5571.043736941448,203.26965024171997,-5530.471168509408,40.57256843203959,-4127.2320033040005,109.69605198332435,-4104.876651853897,22.355351450103626,-3114.1419198778644,268.2769444017002,-3114.9257568911066,-0.7838370132421915,-0.18322704139492688,0.0089843190094566,-0.18222919090460177,0.0009978504903251084,0.8853052058673745,0.017300892874793406,0.888397378667262,0.0030921727998874937
MLP,6.62,0.8832037505478286,0.021600347042306275,0.889869067411323,0.006665316863494364,-5583.873135516404,280.76310796432904,-5492.228827404404,91.64430811199964,-4233.151696949232,246.20629225407643,-4153.745217905873,79.40647904335947,-3286.729482136748,206.12682991274107,-3231.1683167272286,55.56116540951962,-0.19031021876418092,0.013033205811437664,-0.18709488616592182,0.0032153325982590963,0.8851531231586742,0.02277580775588176,0.8914037654395939,0.006250642280919649
KNN,0.36,0.8346630105456863,0.027678759406937987,0.9999999999964236,0.16533698945073738,-6660.6235822551,303.5200385607958,-0.031272984733383205,6660.592309270366,-3655.2764813268705,105.32421730902966,-0.0052546341642125734,3655.271226692706,-1643.2070793176129,138.07702861064794,0.0,1643.2070793176129,-0.12731949213363752,0.004982522687169953,-1.2125529131939623e-07,0.12731937087834622,0.8351649875677444,0.02778101067423441,0.999999999996424,0.1648350124286796
SVR_RBF,0.27,0.7429261287889057,0.046577801484493614,0.7634648057555665,0.020538676966660785,-8294.936980452216,402.79367549881493,-8050.629492955346,244.30748749686973,-5605.584483780196,266.29287275646317,-5457.9431997974225,147.64128398277353,-3715.604994712959,408.77266400508694,-3652.9007399936418,62.704254719317305,-0.23090795367750466,0.014898991619699561,-0.2268962107054219,0.00401174297208276,0.7453268193733686,0.04694840189490981,0.7642545089585978,0.018927689585229168
SGD,0.11,-0.2514791299285945,0.2186631357206652,-0.2196012223703126,0.031877907558281904,-18279.940851585598,427.40684137169904,-18277.98329203632,1.9575595492788125,-17220.56436247945,465.2300136331678,-17208.03830985121,12.526052628239995,-17490.236948019352,664.7737602809062,-17574.934778870505,-84.69783085115341,-0.8536857404168658,0.01255774496938096,-0.8533768725345794,0.00030886788228645656,0.6222061213886245,0.06434020277138656,0.6296841277473744,0.007478006358749845
