Order,PID,MS SubClass,MS Zoning,Lot Frontage,Lot Area,Street,Alley,Lot Shape,Land Contour,Utilities,Lot Config,Land Slope,Neighborhood,Condition 1,Condition 2,Bldg Type,House Style,Overall Qual,Overall Cond,Year Built,Year Remod/Add,Roof Style,Roof Matl,Exterior 1st,Exterior 2nd,Mas Vnr Type,Mas Vnr Area,Exter Qual,Exter Cond,Foundation,Bsmt Qual,Bsmt Cond,Bsmt Exposure,BsmtFin Type 1,BsmtFin SF 1,BsmtFin Type 2,BsmtFin SF 2,Bsmt Unf SF,Total Bsmt SF,Heating,Heating QC,Central Air,Electrical,1st Flr SF,2nd Flr SF,Low Qual Fin SF,Gr Liv Area,Bsmt Full Bath,Bsmt Half Bath,Full Bath,Half Bath,Bedroom AbvGr,Kitchen AbvGr,Kitchen Qual,TotRms AbvGrd,Functional,Fireplaces,Fireplace Qu,Garage Type,Garage Yr Blt,Garage Finish,Garage Cars,Garage Area,Garage Qual,Garage Cond,Paved Drive,Wood Deck SF,Open Porch SF,Enclosed Porch,3Ssn Porch,Screen Porch,Pool Area,Pool QC,Fence,Misc Feature,Misc Val,Mo Sold,Yr Sold,Sale Type,Sale Condition,actual_price,predicted_price,residual,absolute_error
2182,908154205,60,RL,130.0,40094,Pave,,IR1,Bnk,AllPub,Inside,Gtl,Edwards,PosN,PosN,1Fam,2Story,10,5,2007,2008,Hip,CompShg,CemntBd,CmentBd,Stone,762.0,Ex,TA,PConc,Ex,TA,Gd,GLQ,2260.0,Unf,0.0,878.0,3138.0,GasA,Ex,Y,SBrkr,3138,1538,0,4676,1.0,0.0,3,1,3,1,Ex,11,Typ,1,Gd,BuiltIn,2007.0,Fin,3.0,884.0,TA,TA,Y,208,406,0,0,0,0,,,,0,10,2007,New,Partial,184750,593289.1664104158,-408539.1664104158,408539.1664104158
45,528150070,20,RL,100.0,12919,Pave,,IR1,Lvl,AllPub,Inside,Gtl,NridgHt,Norm,Norm,1Fam,1Story,9,5,2009,2010,Hip,CompShg,VinylSd,VinylSd,Stone,760.0,Ex,TA,PConc,Ex,TA,Gd,GLQ,2188.0,Unf,0.0,142.0,2330.0,GasA,Ex,Y,SBrkr,2364,0,0,2364,1.0,0.0,2,1,2,1,Ex,11,Typ,2,Gd,Attchd,2009.0,Fin,3.0,820.0,TA,TA,Y,0,67,0,0,0,0,,,,0,3,2010,New,Partial,611657,459793.9996292131,151863.00037078687,151863.00037078687
433,528110020,20,RL,105.0,13693,Pave,,Reg,Lvl,AllPub,Inside,Gtl,NridgHt,PosA,PosA,1Fam,1Story,10,5,2007,2007,Hip,CompShg,VinylSd,VinylSd,Stone,472.0,Ex,TA,PConc,Ex,TA,Gd,GLQ,2288.0,Unf,0.0,342.0,2630.0,GasA,Ex,Y,SBrkr,2674,0,0,2674,2.0,0.0,2,1,2,1,Ex,8,Typ,2,Gd,Attchd,2007.0,Fin,3.0,762.0,TA,TA,Y,360,50,0,0,0,0,,,,0,3,2009,WD ,Normal,610000,475698.0151149157,134301.98488508433,134301.98488508433
457,528176030,20,RL,100.0,14836,Pave,,IR1,HLS,AllPub,Inside,Mod,NridgHt,Norm,Norm,1Fam,1Story,10,5,2004,2005,Hip,CompShg,CemntBd,CmentBd,Stone,730.0,Ex,TA,PConc,Ex,TA,Gd,GLQ,2146.0,Unf,0.0,346.0,2492.0,GasA,Ex,Y,SBrkr,2492,0,0,2492,1.0,0.0,2,1,2,1,Ex,8,Typ,1,Ex,Attchd,2004.0,Fin,3.0,949.0,TA,TA,Y,226,235,0,0,0,0,,,,0,2,2009,WD ,Abnorml,552000,421722.26786238013,130277.73213761987,130277.73213761987
434,528110090,60,RL,107.0,13891,Pave,,Reg,Lvl,AllPub,Inside,Gtl,NridgHt,Norm,Norm,1Fam,2Story,9,5,2008,2009,Hip,CompShg,VinylSd,VinylSd,Stone,424.0,Ex,TA,PConc,Ex,TA,Gd,Unf,0.0,Unf,0.0,1734.0,1734.0,GasA,Ex,Y,SBrkr,1734,1088,0,2822,0.0,0.0,3,1,4,1,Ex,12,Typ,1,Gd,BuiltIn,2009.0,RFn,3.0,1020.0,TA,TA,Y,52,170,0,0,192,0,,,,0,1,2009,New,Partial,582933,462289.44605129433,120643.55394870567,120643.55394870567
1560,911370410,120,RM,64.0,5587,Pave,,IR1,HLS,AllPub,Inside,Mod,Crawfor,Norm,Norm,TwnhsE,1Story,8,5,2008,2008,Hip,CompShg,CemntBd,CmentBd,Stone,186.0,Ex,TA,PConc,Ex,TA,Gd,GLQ,1480.0,Unf,0.0,120.0,1600.0,GasA,Ex,Y,SBrkr,1652,0,0,1652,1.0,1.0,2,0,2,1,Gd,5,Typ,1,Gd,Attchd,2008.0,Fin,2.0,482.0,TA,TA,Y,162,53,0,153,0,0,,,,0,11,2008,New,Partial,392500,295227.6981955932,97272.3018044068,97272.3018044068
2446,528320060,60,RL,118.0,35760,Pave,,IR1,Lvl,AllPub,CulDSac,Gtl,NoRidge,Norm,Norm,1Fam,2Story,10,5,1995,1996,Hip,CompShg,HdBoard,HdBoard,BrkFace,1378.0,Gd,Gd,PConc,Ex,TA,Gd,GLQ,1387.0,Unf,0.0,543.0,1930.0,GasA,Ex,Y,SBrkr,1831,1796,0,3627,1.0,0.0,3,1,4,1,Gd,10,Typ,1,TA,Attchd,1995.0,Fin,3.0,807.0,TA,TA,Y,361,76,0,0,0,0,,,,0,7,2006,WD ,Normal,625000,528004.5052161197,96995.4947838803,96995.4947838803
2379,528102010,20,RL,129.0,16737,Pave,,Reg,Lvl,AllPub,FR3,Gtl,NridgHt,Norm,Norm,1Fam,1Story,9,5,2004,2005,Hip,CompShg,VinylSd,VinylSd,BrkFace,66.0,Gd,TA,PConc,Ex,TA,Av,GLQ,1447.0,Unf,0.0,533.0,1980.0,GasA,Ex,Y,SBrkr,1980,0,0,1980,1.0,0.0,2,0,3,1,Ex,8,Typ,1,Gd,Attchd,2004.0,Fin,3.0,770.0,TA,TA,Y,194,45,0,0,0,0,,,,0,9,2006,WD ,Normal,315000,393459.7194945544,-78459.71949455439,78459.71949455439
367,527214050,20,RL,63.0,17423,Pave,,IR1,Lvl,AllPub,CulDSac,Gtl,StoneBr,Norm,Norm,1Fam,1Story,9,5,2008,2009,Hip,CompShg,VinylSd,VinylSd,Stone,748.0,Ex,TA,PConc,Ex,TA,No,GLQ,1904.0,Unf,0.0,312.0,2216.0,GasA,Ex,Y,SBrkr,2234,0,0,2234,1.0,0.0,2,0,1,1,Ex,9,Typ,1,Gd,Attchd,2009.0,Fin,3.0,1166.0,TA,TA,Y,0,60,0,0,0,0,,,,0,7,2009,New,Partial,501837,426333.1675001672,75503.83249983279,75503.83249983279
1498,908154080,20,RL,123.0,47007,Pave,,IR1,Lvl,AllPub,Inside,Gtl,Edwards,Norm,Norm,1Fam,1Story,5,7,1959,1996,Gable,CompShg,Plywood,Plywood,,0.0,TA,TA,Slab,,,,,0.0,,0.0,0.0,0.0,GasA,TA,Y,SBrkr,3820,0,0,3820,,,3,1,5,1,Ex,11,Typ,2,Gd,Attchd,1959.0,Unf,2.0,624.0,TA,TA,Y,0,372,0,0,0,0,,,,0,7,2008,WD ,Normal,284700,212059.25782780812,72640.74217219188,72640.74217219188
945,911370500,120,RM,44.0,3843,Pave,,IR1,HLS,AllPub,Inside,Mod,Crawfor,Norm,Norm,TwnhsE,1Story,8,5,2007,2008,Hip,CompShg,CemntBd,CmentBd,Stone,174.0,Ex,TA,PConc,Ex,TA,Gd,GLQ,1476.0,Unf,0.0,120.0,1596.0,GasA,Ex,Y,SBrkr,1648,0,0,1648,1.0,1.0,2,0,2,1,Ex,5,Typ,1,Gd,Attchd,2007.0,Fin,2.0,482.0,TA,TA,Y,162,53,0,153,0,0,,,,0,6,2009,New,Partial,230000,301990.11497943813,-71990.11497943813,71990.11497943813
2276,921128030,20,RL,85.0,12633,Pave,,IR1,HLS,AllPub,Inside,Gtl,Timber,PosA,PosA,1Fam,1Story,10,5,2006,2007,Hip,CompShg,MetalSd,MetalSd,BrkFace,242.0,Ex,TA,PConc,Ex,TA,Gd,Unf,0.0,Unf,0.0,1824.0,1824.0,GasA,Ex,Y,SBrkr,1824,0,0,1824,0.0,0.0,2,0,3,1,Ex,8,Typ,1,Gd,Attchd,2006.0,Fin,3.0,932.0,TA,TA,Y,160,36,0,0,108,0,,,,0,9,2007,New,Partial,392000,320963.4578898051,71036.54211019492,71036.54211019492
1539,909425010,50,RL,,15660,Pave,,IR1,Lvl,AllPub,Corner,Gtl,Crawfor,Norm,Norm,1Fam,1.5Fin,7,9,1939,2006,Gable,CompShg,VinylSd,VinylSd,BrkFace,312.0,Gd,Gd,CBlock,TA,TA,No,BLQ,341.0,Unf,0.0,457.0,798.0,GasA,Ex,Y,SBrkr,1137,817,0,1954,0.0,1.0,1,1,3,1,Gd,8,Typ,2,TA,Attchd,1939.0,Unf,2.0,431.0,TA,TA,Y,0,119,150,0,0,0,,,,0,5,2008,WD ,Normal,311500,244770.60895649926,66729.39104350074,66729.39104350074
424,528106020,20,RL,105.0,15431,Pave,,Reg,Lvl,AllPub,Inside,Gtl,NridgHt,Norm,Norm,1Fam,1Story,10,5,2008,2008,Hip,CompShg,VinylSd,VinylSd,Stone,200.0,Ex,TA,PConc,Ex,TA,Gd,GLQ,1767.0,ALQ,539.0,788.0,3094.0,GasA,Ex,Y,SBrkr,2402,0,0,2402,1.0,0.0,2,0,2,1,Ex,10,Typ,2,Gd,Attchd,2008.0,Fin,3.0,672.0,TA,TA,Y,0,72,0,0,170,0,,,,0,4,2009,WD ,Normal,555000,488643.20140306116,66356.79859693884,66356.79859693884
1642,527256030,20,RL,85.0,14082,Pave,,IR1,HLS,AllPub,Inside,Gtl,StoneBr,Norm,Norm,1Fam,1Story,8,5,2006,2006,Hip,CompShg,VinylSd,VinylSd,BrkFace,945.0,Gd,TA,PConc,Ex,Gd,Gd,GLQ,1558.0,Unf,0.0,662.0,2220.0,GasA,Ex,Y,SBrkr,2234,0,0,2234,1.0,0.0,1,1,1,1,Gd,7,Typ,1,Gd,Attchd,2006.0,RFn,2.0,724.0,TA,TA,Y,390,80,0,0,0,0,,,,0,1,2007,WD ,Normal,441929,378309.10411821713,63619.89588178287,63619.89588178287
368,527254020,20,RL,80.0,11844,Pave,,IR1,Lvl,AllPub,Inside,Gtl,StoneBr,Norm,Norm,1Fam,1Story,8,5,2008,2008,Hip,CompShg,VinylSd,VinylSd,Stone,464.0,Gd,TA,PConc,Ex,TA,Mn,Unf,0.0,Unf,0.0,2046.0,2046.0,GasA,Ex,Y,SBrkr,2046,0,0,2046,0.0,0.0,2,1,3,1,Gd,7,Typ,1,Gd,Attchd,2008.0,Fin,3.0,834.0,TA,TA,Y,322,82,0,0,0,0,,,,0,7,2009,New,Partial,372500,310512.7492277594,61987.25077224057,61987.25077224057
2621,535450180,50,RL,60.0,10800,Pave,,Reg,Lvl,AllPub,Inside,Gtl,NAmes,Norm,Norm,1Fam,1.5Fin,4,4,1949,1950,Gable,CompShg,AsbShng,AsbShng,,0.0,TA,TA,CBlock,TA,TA,No,Unf,0.0,Unf,0.0,720.0,720.0,GasA,TA,N,FuseA,720,472,0,1192,0.0,0.0,1,1,4,1,TA,6,Typ,0,,,,,0.0,0.0,,,Y,0,0,0,0,0,0,,,,0,12,2006,WD ,Abnorml,135000,78135.66894330744,56864.331056692565,56864.331056692565
322,921128020,20,RL,89.0,13214,Pave,,IR1,HLS,AllPub,Inside,Gtl,Timber,Norm,Norm,1Fam,1Story,9,5,2008,2009,Hip,CompShg,Stucco,CmentBd,,0.0,Ex,TA,PConc,Ex,TA,Gd,Unf,0.0,Unf,0.0,2002.0,2002.0,GasA,Ex,Y,SBrkr,2018,0,0,2018,0.0,0.0,2,0,3,1,Ex,10,Typ,1,Gd,Attchd,2009.0,Fin,3.0,746.0,TA,TA,Y,144,76,0,0,0,0,,,,0,5,2010,WD ,Normal,378500,323937.86017730203,54562.139822697965,54562.139822697965
109,533352170,60,RL,,13517,Pave,,IR1,Lvl,AllPub,CulDSac,Gtl,Sawyer,RRAe,Norm,1Fam,2Story,6,8,1976,2005,Gable,CompShg,HdBoard,Plywood,BrkFace,289.0,Gd,TA,CBlock,TA,TA,No,GLQ,533.0,Unf,0.0,192.0,725.0,GasA,Ex,Y,SBrkr,725,754,0,1479,0.0,0.0,2,1,3,1,Gd,6,Typ,0,,Attchd,1976.0,RFn,2.0,475.0,TA,TA,Y,0,44,0,0,0,0,,,,0,3,2010,WD ,Normal,130500,184849.19094915522,-54349.19094915522,54349.19094915522
1427,906412050,20,RL,91.0,11778,Pave,,Reg,Lvl,AllPub,Inside,Gtl,CollgCr,PosN,Norm,1Fam,1Story,9,5,2008,2008,Hip,CompShg,VinylSd,VinylSd,Stone,402.0,Ex,TA,PConc,Ex,TA,Av,GLQ,1153.0,Unf,0.0,598.0,1751.0,GasA,Ex,Y,SBrkr,1766,0,0,1766,1.0,0.0,2,1,3,1,Ex,8,Typ,2,Gd,Attchd,2008.0,Fin,3.0,874.0,TA,TA,Y,216,36,0,0,0,0,,,,0,12,2008,New,Partial,395039,345019.90480833437,50019.095191665634,50019.095191665634
1308,902300110,190,RM,69.0,9142,Pave,,Reg,Lvl,AllPub,Inside,Gtl,OldTown,Norm,Norm,2fmCon,2Story,5,5,1900,2006,Gable,CompShg,MetalSd,MetalSd,,0.0,TA,Fa,BrkTil,Fa,TA,No,Unf,0.0,Unf,0.0,797.0,797.0,GasA,TA,N,FuseA,830,797,0,1627,0.0,0.0,2,0,4,2,TA,10,Typ,0,,Detchd,1950.0,Unf,2.0,420.0,Fa,Po,N,192,0,60,0,0,0,,,,0,2,2008,WD ,Normal,139500,89922.01843312112,49577.98156687888,49577.98156687888
1588,921201060,20,RL,85.0,11447,Pave,,IR1,Lvl,AllPub,Inside,Gtl,Timber,Norm,Norm,1Fam,1Story,8,5,2005,2006,Gable,CompShg,VinylSd,VinylSd,BrkFace,674.0,Gd,TA,PConc,Ex,TA,Av,GLQ,1571.0,Unf,0.0,393.0,1964.0,GasA,Ex,Y,SBrkr,1964,0,0,1964,1.0,0.0,2,1,3,1,Gd,7,Typ,1,Gd,Attchd,2005.0,Fin,3.0,892.0,TA,TA,Y,0,265,0,0,0,0,,,,0,6,2008,WD ,Normal,370000,321500.503383206,48499.49661679397,48499.49661679397
1781,528431040,20,RL,98.0,12291,Pave,,IR1,Lvl,AllPub,Inside,Gtl,Somerst,Norm,Norm,1Fam,1Story,10,5,2007,2007,Hip,CompShg,CemntBd,CmentBd,BrkFace,754.0,Ex,TA,PConc,Ex,TA,Av,GLQ,1572.0,Unf,0.0,394.0,1966.0,GasA,Ex,Y,SBrkr,1966,0,0,1966,1.0,0.0,2,0,1,1,Ex,6,Typ,1,Gd,Attchd,2007.0,Fin,3.0,1092.0,TA,TA,Y,76,52,0,0,0,0,,,,0,10,2007,New,Partial,419005,372755.7699693557,46249.23003064428,46249.23003064428
938,909475040,20,RL,,17597,Pave,,Reg,Bnk,AllPub,Inside,Gtl,Crawfor,Norm,Norm,1Fam,1Story,7,9,1971,2009,Hip,CompShg,BrkFace,BrkFace,,0.0,Gd,Gd,CBlock,Gd,TA,No,GLQ,803.0,ALQ,419.0,581.0,1803.0,GasA,TA,Y,SBrkr,2365,0,0,2365,1.0,0.0,2,0,3,1,Ex,7,Min1,2,Gd,Attchd,1971.0,Fin,2.0,551.0,TA,TA,Y,200,144,0,0,0,0,,GdPrv,,0,7,2009,WD ,Normal,315000,360626.5263888707,-45626.52638887073,45626.52638887073
440,528120160,20,RL,76.0,9591,Pave,,Reg,Lvl,AllPub,Inside,Gtl,NridgHt,Norm,Norm,1Fam,1Story,8,5,2004,2005,Hip,CompShg,VinylSd,VinylSd,BrkFace,262.0,Gd,TA,PConc,Ex,TA,Av,GLQ,1088.0,Unf,0.0,625.0,1713.0,GasA,Ex,Y,SBrkr,1713,0,0,1713,1.0,0.0,2,0,3,1,Ex,7,Typ,1,Gd,Attchd,2004.0,Fin,3.0,856.0,TA,TA,Y,0,26,0,0,170,0,,,,0,1,2009,WD ,Normal,274900,317498.31161484815,-42598.31161484815,42598.31161484815
2228,909455060,120,RM,35.0,3907,Pave,,IR1,Bnk,AllPub,Inside,Mod,Blueste,Norm,Norm,TwnhsE,1Story,8,5,1988,1988,Gable,CompShg,HdBoard,HdBoard,,0.0,TA,TA,CBlock,Gd,TA,Gd,GLQ,577.0,Unf,0.0,427.0,1004.0,GasA,Gd,Y,SBrkr,1020,0,0,1020,1.0,0.0,1,0,1,1,TA,4,Typ,0,,Attchd,1988.0,Unf,2.0,509.0,TA,TA,Y,135,0,0,0,0,0,,,,0,3,2007,WD ,Normal,200000,157713.93991568216,42286.06008431784,42286.06008431784
2395,528142070,60,RL,82.0,11643,Pave,,IR1,Lvl,AllPub,Inside,Gtl,NridgHt,Norm,Norm,1Fam,2Story,8,5,2005,2006,Hip,CompShg,MetalSd,MetalSd,BrkFace,142.0,Gd,TA,PConc,Ex,TA,Av,GLQ,880.0,Unf,0.0,644.0,1524.0,GasA,Ex,Y,SBrkr,1544,814,0,2358,1.0,0.0,2,1,4,1,Ex,10,Typ,1,Gd,BuiltIn,2005.0,Fin,3.0,784.0,TA,TA,Y,120,34,0,0,0,0,,,,0,8,2006,New,Partial,329900,371737.26753259316,-41837.26753259316,41837.26753259316
2104,906380070,60,RL,69.0,9588,Pave,,IR1,Lvl,AllPub,Inside,Gtl,CollgCr,Norm,Norm,1Fam,2Story,8,5,2007,2007,Gable,CompShg,CemntBd,CmentBd,Stone,270.0,Gd,TA,PConc,Ex,TA,No,Unf,0.0,Unf,0.0,1482.0,1482.0,GasA,Ex,Y,SBrkr,1482,1092,0,2574,0.0,0.0,2,1,3,1,Ex,10,Typ,1,Gd,BuiltIn,2007.0,Fin,3.0,868.0,TA,TA,Y,0,148,0,0,0,0,,,,0,11,2007,New,Partial,276000,317387.5436507911,-41387.54365079111,41387.54365079111
323,923201020,20,RL,85.0,15300,Pave,,Reg,Bnk,AllPub,Inside,Gtl,Mitchel,Norm,Norm,1Fam,1Story,5,5,1965,1977,Hip,CompShg,Plywood,HdBoard,,0.0,TA,TA,CBlock,TA,TA,No,Rec,42.0,Unf,0.0,1026.0,1068.0,GasA,TA,Y,SBrkr,1264,0,0,1264,1.0,0.0,1,0,2,1,TA,7,Typ,1,TA,Attchd,1965.0,Unf,2.0,528.0,TA,TA,Y,0,0,0,0,0,0,,,,0,6,2010,WD ,Normal,169000,128046.7313118599,40953.2686881401,40953.2686881401
1101,528326030,60,RL,84.0,14260,Pave,,IR1,Lvl,AllPub,FR2,Gtl,NoRidge,Norm,Norm,1Fam,2Story,8,5,2000,2000,Gable,CompShg,VinylSd,VinylSd,BrkFace,350.0,Gd,TA,PConc,Gd,TA,Av,GLQ,655.0,Unf,0.0,490.0,1145.0,GasA,Ex,Y,SBrkr,1145,1053,0,2198,1.0,0.0,2,1,4,1,Gd,9,Typ,1,TA,Attchd,2000.0,RFn,3.0,836.0,TA,TA,Y,192,84,0,0,0,0,,,,0,12,2008,WD ,Normal,250000,289770.86773494823,-39770.86773494823,39770.86773494823
2098,906340090,60,RL,77.0,9965,Pave,,Reg,Lvl,AllPub,Inside,Gtl,CollgCr,Norm,Norm,1Fam,2Story,8,5,2006,2007,Hip,CompShg,VinylSd,VinylSd,Stone,340.0,Gd,TA,PConc,Ex,TA,Gd,GLQ,1150.0,Unf,0.0,316.0,1466.0,GasA,Ex,Y,SBrkr,1466,1362,0,2828,1.0,0.0,3,0,4,1,Gd,11,Typ,1,TA,BuiltIn,2006.0,RFn,3.0,1052.0,TA,TA,Y,125,144,0,0,0,0,,,,0,4,2007,New,Partial,424870,385476.62180759205,39393.37819240795,39393.37819240795
2219,909281130,70,RL,70.0,10570,Pave,,Reg,Bnk,AllPub,Inside,Mod,Crawfor,Norm,Norm,1Fam,2Story,8,8,1932,1994,Hip,CompShg,BrkFace,BrkFace,,0.0,Gd,TA,CBlock,Gd,Gd,No,Rec,297.0,Unf,0.0,556.0,853.0,GasA,TA,Y,SBrkr,1549,1178,0,2727,0.0,0.0,2,1,3,1,Gd,10,Maj1,2,TA,Detchd,1932.0,Unf,2.0,440.0,TA,TA,Y,0,74,0,0,0,0,,,,0,12,2007,WD ,Normal,315000,275754.5195368796,39245.48046312039,39245.48046312039
510,528435030,20,RL,78.0,9262,Pave,,Reg,Lvl,AllPub,Inside,Gtl,Somerst,Norm,Norm,1Fam,1Story,8,5,2008,2009,Gable,CompShg,CemntBd,CmentBd,Stone,194.0,Gd,TA,PConc,Gd,TA,No,Unf,0.0,Unf,0.0,1573.0,1573.0,GasA,Ex,Y,SBrkr,1578,0,0,1578,0.0,0.0,2,0,3,1,Ex,7,Typ,1,Gd,Attchd,2008.0,Fin,3.0,840.0,TA,TA,Y,0,36,0,0,0,0,,,,0,5,2009,New,Partial,287090,248357.26891570145,38732.731084298546,38732.731084298546
1284,902100020,20,RM,56.0,9836,Pave,Grvl,Reg,Bnk,AllPub,Inside,Gtl,OldTown,Artery,Norm,1Fam,1Story,6,5,2008,2008,Gable,CompShg,VinylSd,VinylSd,,0.0,TA,TA,PConc,TA,TA,No,GLQ,96.0,Unf,0.0,96.0,192.0,GasA,Gd,N,SBrkr,1133,0,0,1133,1.0,0.0,1,0,3,1,TA,7,Typ,0,,Detchd,2008.0,Unf,1.0,308.0,TA,TA,Y,0,175,0,0,0,0,,,,0,12,2008,WD ,Abnorml,143000,104356.47155179623,38643.52844820377,38643.52844820377
2391,528120140,60,RL,82.0,9942,Pave,,IR1,Lvl,AllPub,Inside,Gtl,NridgHt,Norm,Norm,1Fam,2Story,9,5,2005,2006,Gable,CompShg,MetalSd,MetalSd,BrkFace,385.0,Ex,TA,PConc,Ex,Gd,Av,GLQ,1290.0,Unf,0.0,316.0,1606.0,GasA,Ex,Y,SBrkr,1625,466,0,2091,1.0,0.0,2,1,3,1,Ex,8,Typ,1,Gd,Attchd,2005.0,RFn,2.0,521.0,TA,TA,Y,194,84,0,0,0,0,,,,0,5,2006,New,Partial,338500,377068.94087333913,-38568.94087333913,38568.94087333913
1002,527140090,120,RL,41.0,5395,Pave,,IR1,HLS,AllPub,Inside,Gtl,StoneBr,Norm,Norm,TwnhsE,1Story,8,5,1993,1993,Gable,CompShg,HdBoard,HdBoard,,0.0,Gd,TA,PConc,Gd,TA,No,GLQ,733.0,Unf,0.0,604.0,1337.0,GasA,Gd,Y,SBrkr,1337,0,0,1337,1.0,0.0,2,0,2,1,Gd,5,Typ,1,TA,Attchd,1993.0,RFn,2.0,462.0,TA,TA,Y,96,0,70,168,0,0,,,,0,10,2008,WD ,Normal,180000,218405.83778989373,-38405.83778989373,38405.83778989373
1059,528118030,60,RL,108.0,13418,Pave,,Reg,Lvl,AllPub,Inside,Gtl,NridgHt,Norm,Norm,1Fam,2Story,9,5,2006,2006,Hip,CompShg,VinylSd,VinylSd,BrkFace,270.0,Gd,TA,PConc,Ex,TA,Gd,GLQ,1420.0,Unf,0.0,430.0,1850.0,GasA,Ex,Y,SBrkr,1850,898,0,2748,1.0,0.0,2,1,4,1,Ex,9,Typ,1,Gd,BuiltIn,2006.0,Fin,3.0,850.0,TA,TA,Y,212,182,0,0,0,0,,,,0,10,2008,WD ,Abnorml,390000,427845.7133104368,-37845.71331043681,37845.71331043681
2384,528112010,20,RL,108.0,12228,Pave,,Reg,Lvl,AllPub,Corner,Gtl,NridgHt,Norm,Norm,1Fam,1Story,7,5,2006,2006,Hip,CompShg,VinylSd,VinylSd,Stone,206.0,Gd,TA,PConc,Ex,Gd,No,Unf,0.0,Unf,0.0,1721.0,1721.0,GasA,Ex,Y,SBrkr,1740,0,0,1740,0.0,0.0,2,0,4,1,Gd,8,Typ,0,,Attchd,2006.0,RFn,3.0,874.0,TA,TA,Y,0,43,0,0,0,0,,,,0,9,2006,New,Partial,293000,256486.9166433829,36513.083356617106,36513.083356617106
1081,528228345,120,RL,,3940,Pave,,Reg,Lvl,AllPub,Inside,Gtl,Blmngtn,Norm,Norm,TwnhsE,1Story,7,5,2003,2003,Gable,CompShg,VinylSd,VinylSd,BrkFace,143.0,Gd,TA,PConc,Gd,TA,Gd,GLQ,1073.0,Unf,0.0,342.0,1415.0,GasA,Ex,Y,SBrkr,1455,0,0,1455,1.0,0.0,2,0,2,1,Gd,6,Typ,1,TA,Attchd,2003.0,Fin,3.0,644.0,TA,TA,Y,156,20,0,0,144,0,,,,0,8,2008,WD ,Normal,195000,230623.95609408017,-35623.956094080175,35623.956094080175
1570,914476450,20,RL,74.0,9990,Pave,,Reg,Lvl,AllPub,Inside,Gtl,Mitchel,Norm,Norm,1Fam,1Story,4,5,1991,1991,Gable,CompShg,HdBoard,HdBoard,,0.0,TA,TA,PConc,Gd,TA,No,ALQ,1383.0,Unf,0.0,297.0,1680.0,GasA,Gd,Y,SBrkr,1689,0,0,1689,1.0,0.0,2,0,3,1,TA,6,Typ,1,TA,Attchd,1991.0,Unf,2.0,432.0,TA,TA,Y,428,120,0,0,0,0,,,,0,7,2008,WD ,Normal,228500,193537.07905625043,34962.920943749574,34962.920943749574
2247,911370460,120,RM,44.0,4750,Pave,,IR1,HLS,AllPub,Inside,Mod,Crawfor,Norm,Norm,TwnhsE,1Story,8,5,2006,2007,Hip,CompShg,VinylSd,VinylSd,Stone,481.0,Gd,TA,PConc,Gd,TA,Gd,GLQ,1573.0,Unf,0.0,0.0,1573.0,GasA,Ex,Y,SBrkr,1625,0,0,1625,1.0,1.0,2,0,2,1,Gd,5,Typ,1,Gd,Attchd,2006.0,Fin,2.0,538.0,TA,TA,Y,123,0,0,0,153,0,,,,0,12,2007,WD ,Family,235000,269861.6988945804,-34861.69889458042,34861.69889458042
2925,923251180,20,RL,160.0,20000,Pave,,Reg,Lvl,AllPub,Inside,Gtl,Mitchel,Norm,Norm,1Fam,1Story,5,7,1960,1996,Gable,CompShg,VinylSd,VinylSd,,0.0,TA,TA,CBlock,TA,TA,No,ALQ,1224.0,Unf,0.0,0.0,1224.0,GasA,Ex,Y,SBrkr,1224,0,0,1224,1.0,0.0,1,0,4,1,TA,7,Typ,1,TA,Detchd,1960.0,Unf,2.0,576.0,TA,TA,Y,474,0,0,0,0,0,,,,0,9,2006,WD ,Abnorml,131000,165745.01974250367,-34745.019742503675,34745.019742503675
2029,903430040,45,RM,40.0,5680,Pave,Grvl,Reg,Lvl,AllPub,Inside,Gtl,OldTown,Norm,Norm,1Fam,1.5Fin,5,4,1901,1950,Gable,CompShg,AsbShng,AsbShng,,0.0,TA,TA,CBlock,TA,TA,No,Unf,0.0,Unf,0.0,592.0,592.0,GasA,TA,N,FuseA,933,240,0,1173,0.0,0.0,2,0,3,1,TA,7,Typ,0,,Detchd,1920.0,Unf,1.0,240.0,TA,Fa,Y,0,25,77,0,0,0,,MnPrv,,0,9,2007,WD ,AdjLand,113000,78591.35500873724,34408.64499126276,34408.64499126276
2423,528228360,120,RL,,2938,Pave,,Reg,Lvl,AllPub,Inside,Gtl,Blmngtn,Norm,Norm,TwnhsE,1Story,7,5,2002,2002,Gable,CompShg,VinylSd,VinylSd,BrkFace,40.0,Gd,TA,PConc,Gd,TA,Av,GLQ,1038.0,Unf,0.0,330.0,1368.0,GasA,Ex,Y,SBrkr,1511,0,0,1511,1.0,0.0,2,0,2,1,Gd,5,Typ,1,TA,Attchd,2002.0,Fin,2.0,398.0,TA,TA,Y,130,30,0,0,0,0,,,,0,5,2006,WD ,Normal,246990,213504.2774638389,33485.722536161105,33485.722536161105
508,528431020,20,RL,86.0,11194,Pave,,IR1,Lvl,AllPub,Inside,Gtl,Somerst,PosN,Norm,1Fam,1Story,8,5,2008,2008,Gable,CompShg,VinylSd,VinylSd,Stone,240.0,Gd,TA,PConc,Gd,TA,Mn,Unf,0.0,Unf,0.0,1696.0,1696.0,GasA,Ex,Y,SBrkr,1696,0,0,1696,0.0,0.0,2,0,3,1,Gd,7,Typ,0,,Attchd,2008.0,RFn,3.0,972.0,TA,TA,Y,120,56,0,0,0,0,,,,0,9,2009,WD ,Normal,275000,241872.71467753826,33127.28532246174,33127.28532246174
791,905451340,20,RL,68.0,9571,Pave,,Reg,Lvl,AllPub,Inside,Gtl,Edwards,Norm,Norm,1Fam,1Story,5,3,1958,1958,Gable,CompShg,BrkComm,Brk Cmn,,0.0,TA,Fa,CBlock,TA,Fa,No,Unf,0.0,Unf,0.0,1276.0,1276.0,GasA,TA,Y,FuseA,1276,0,0,1276,0.0,0.0,1,0,3,1,TA,5,Mod,0,,Attchd,1958.0,Unf,1.0,350.0,TA,TA,Y,0,0,0,0,0,0,,,,0,6,2009,COD,Abnorml,60000,92717.44188009315,-32717.441880093145,32717.441880093145
2393,528142010,60,RL,103.0,12867,Pave,,IR1,Lvl,AllPub,Corner,Gtl,NridgHt,Norm,Norm,1Fam,2Story,8,5,2005,2006,Gable,CompShg,CemntBd,CmentBd,,,Gd,TA,PConc,Ex,TA,Av,Unf,0.0,Unf,0.0,1209.0,1209.0,GasA,Ex,Y,SBrkr,1209,1044,0,2253,0.0,0.0,2,1,3,1,Ex,8,Typ,1,Gd,Attchd,2005.0,Fin,2.0,575.0,TA,TA,Y,243,142,0,0,0,0,,,,0,7,2006,New,Partial,344133,311620.6873126488,32512.312687351194,32512.312687351194
1833,533120030,60,RL,,9572,Pave,,IR1,Lvl,AllPub,Inside,Gtl,NoRidge,Norm,Norm,1Fam,2Story,8,5,1990,1990,Gable,CompShg,Wd Sdng,Wd Sdng,BrkFace,336.0,Gd,TA,PConc,Ex,TA,No,GLQ,482.0,Unf,0.0,971.0,1453.0,GasA,Ex,Y,SBrkr,1453,1357,0,2810,0.0,0.0,2,1,4,1,Gd,9,Typ,1,Ex,Attchd,1990.0,RFn,2.0,750.0,Gd,Gd,Y,500,0,0,0,0,0,,,,0,6,2007,WD ,Normal,302000,334301.4456547385,-32301.44565473852,32301.44565473852
522,528458160,20,FV,85.0,9187,Pave,,Reg,Lvl,AllPub,Inside,Gtl,Somerst,Norm,Norm,1Fam,1Story,9,5,2009,2009,Gable,CompShg,CemntBd,CmentBd,Stone,162.0,Ex,TA,PConc,Ex,TA,Mn,GLQ,1121.0,Unf,0.0,645.0,1766.0,GasA,Ex,Y,SBrkr,1766,0,0,1766,1.0,0.0,2,1,2,1,Ex,7,Typ,1,Gd,Attchd,2009.0,Fin,3.0,478.0,TA,TA,Y,195,130,0,0,0,0,,,,0,10,2009,New,Partial,370878,338610.43958273757,32267.56041726243,32267.56041726243
2409,528186110,120,RL,48.0,6373,Pave,,Reg,Lvl,AllPub,Inside,Gtl,NridgHt,Norm,Norm,TwnhsE,1Story,9,5,2006,2006,Hip,CompShg,MetalSd,MetalSd,BrkFace,572.0,Ex,TA,PConc,Ex,Gd,No,GLQ,415.0,Unf,0.0,1251.0,1666.0,GasA,Ex,Y,SBrkr,1666,0,0,1666,1.0,0.0,2,0,2,1,Gd,6,Typ,1,Gd,Attchd,2006.0,RFn,2.0,575.0,TA,TA,Y,228,75,0,0,0,0,,,,0,6,2006,New,Partial,310090,277883.5391633383,32206.46083666169,32206.46083666169
