,correlation
Overall Qual,0.7952977273553123
Gr Liv Area,0.6983154727752997
Garage Cars,0.6443035777244434
Garage Area,0.6331061337473763
Total Bsmt SF,0.6122561974722848
1st Flr SF,0.6074333645062975
Year Built,0.545409247223009
Full Bath,0.5420531205794203
Year Remod/Add,0.5176529654836285
Garage Yr Blt,0.5162105956951473
Mas Vnr Area,0.49091158519769856
TotRms AbvGrd,0.4754552907105226
Fireplaces,0.46750131995407795
BsmtFin SF 1,0.4239056469747526
Wood Deck SF,0.33304540297835566
Lot Frontage,0.328725783378583
Open Porch SF,0.29772244971599354
Bsmt Full Bath,0.2865151806073578
Half Bath,0.2853693093659415
2nd Flr SF,0.2789774224347236
Lot Area,0.2613363895058065
Bsmt Unf SF,0.16357123768888115
Bedroom AbvGr,0.149269211233639
Screen Porch,0.13693613533765567
Pool Area,0.07901982089844777
3Ssn Porch,0.03484514232528025
Mo Sold,0.03071357585734741
BsmtFin SF 2,0.027204997559817527
Low Qual Fin SF,-0.01602467192632733
Misc Val,-0.017729326303601533
Order,-0.020621400658908315
Bsmt Half Bath,-0.023675302801042016
Yr Sold,-0.03768596711257021
MS SubClass,-0.06635112725794762
Overall Cond,-0.10408491405417618
Kitchen AbvGr,-0.11585960372496226
Enclosed Porch,-0.1307222388545316
PID,-0.23344775021407638
