Longitude,Latitude,HouseAge,AveRooms,AveBedrms,Population,AveOccup,MedInc,ocean_proximity,actual,predicted,residual,abs_error,pct_error,severity
-119.01,36.06,25.0,1505.0,,1392.0,359.0,1.6812,,47700.0,342007.0735656334,-294307.0735656334,294307.0735656334,6.169959613535291,severe
-119.46,35.14,30.0,2943.0,,1565.0,584.0,2.5313,,45800.0,368165.19668039226,-322365.19668039226,322365.19668039226,7.038541412235639,severe
-122.44,37.8,52.0,3830.0,,1310.0,963.0,3.4801,,500001.0,679397.646676232,-179396.646676232,179396.646676232,0.35879257576731244,severe
-118.72,34.28,17.0,3051.0,,1705.0,495.0,5.7376,,218600.0,298132.42535489326,-79532.42535489326,79532.42535489326,0.363826282501799,high
-121.93,36.62,34.0,2351.0,,1063.0,428.0,3.725,,278000.0,468823.2919889977,-190823.29198899772,190823.29198899772,0.6864147193848839,severe
-117.61,34.08,12.0,4427.0,,2400.0,843.0,4.7147,,158700.0,295529.0829239407,-136829.08292394067,136829.08292394067,0.8621870379580383,high
-118.02,33.89,36.0,1375.0,,670.0,221.0,5.0839,,198200.0,307216.8019311437,-109016.80193114368,109016.80193114368,0.5500343185224201,high
-118.08,33.92,38.0,1335.0,,1011.0,269.0,3.6908,,157500.0,399532.519831317,-242032.519831317,242032.519831317,1.5367144116274096,severe
-120.37,38.01,30.0,473.0,,242.0,93.0,2.5417,,123200.0,367821.0497095787,-244621.04970957868,244621.04970957868,1.9855604684219048,severe
-118.12,34.08,35.0,2248.0,,1762.0,622.0,3.0,,253900.0,459945.16801277397,-206045.16801277397,206045.16801277397,0.811520945304348,severe
-117.91,33.76,20.0,4413.0,,4818.0,1063.0,2.8594,,215100.0,476897.96233910794,-261797.96233910794,261797.96233910794,1.2170988486243977,severe
-119.19,34.2,18.0,3620.0,,3171.0,779.0,3.3409,,220500.0,421237.2919939987,-200737.2919939987,200737.2919939987,0.9103732063219895,severe
-117.98,33.92,27.0,3700.0,,1793.0,552.0,5.3668,,219800.0,306465.5052675319,-86665.5052675319,86665.5052675319,0.39429256263663287,high
-117.91,34.02,22.0,6269.0,,5587.0,1251.0,3.8201,,136200.0,419728.4900280325,-283528.4900280325,283528.4900280325,2.0817069752425295,severe
-122.1,37.69,41.0,746.0,,387.0,161.0,3.9063,,178400.0,372913.75136947876,-194513.75136947876,194513.75136947876,1.0903237184387824,severe
-121.02,37.48,26.0,467.0,,244.0,83.0,4.1346,,187500.0,288503.56076452497,-101003.56076452497,101003.56076452497,0.5386856574107999,high
-117.05,32.75,36.0,2024.0,,1030.0,390.0,3.8233,,139800.0,368848.1973412744,-229048.1973412744,229048.1973412744,1.6383991226128356,severe
-120.97,37.43,27.0,1380.0,,810.0,262.0,2.1875,,137500.0,367787.1540206671,-230287.15402066708,230287.15402066708,1.6748156656048514,severe
-118.37,34.07,50.0,2519.0,,1117.0,516.0,4.3667,,405600.0,497497.88850410905,-91897.88850410905,91897.88850410905,0.22657270341249766,high
-117.14,32.9,16.0,3217.0,,2054.0,687.0,4.2234,,162100.0,299865.4791379991,-137765.47913799912,137765.47913799912,0.84987957518815,high
-119.38,36.53,38.0,1281.0,,1423.0,293.0,1.9602,,51400.0,338884.5060341397,-287484.5060341397,287484.5060341397,5.593083774983263,severe
-118.36,33.96,26.0,3543.0,,2742.0,951.0,2.5504,,151300.0,513269.35174430883,-361969.35174430883,361969.35174430883,2.3923949223021075,severe
-124.13,40.55,38.0,544.0,,240.0,91.0,3.25,,94800.0,301117.9920187466,-206317.99201874662,206317.99201874662,2.1763501267800276,severe
-121.98,37.96,22.0,2987.0,,1420.0,540.0,3.65,,204100.0,357027.7777618022,-152927.7777618022,152927.7777618022,0.749278675951995,severe
-122.17,37.75,38.0,992.0,,732.0,259.0,1.6196,,85100.0,484304.7221572617,-399204.7221572617,399204.7221572617,4.691007310896142,severe
-118.31,34.03,47.0,1315.0,,785.0,245.0,1.23,,138400.0,469136.30388016405,-330736.30388016405,330736.30388016405,2.3897131783248846,severe
-117.23,32.75,5.0,1824.0,,892.0,426.0,3.4286,,137500.0,386949.97059295245,-249449.97059295245,249449.97059295245,1.8141816043123815,severe
-122.5,37.75,44.0,1819.0,,1137.0,354.0,3.4919,,271800.0,523146.9239489485,-251346.9239489485,251346.9239489485,0.9247495362360136,severe
-122.39,37.6,34.0,707.0,,381.0,156.0,4.375,,340900.0,421115.5559290059,-80215.5559290059,80215.5559290059,0.23530523886478705,high
-117.96,34.03,35.0,2093.0,,1755.0,403.0,3.4115,,150400.0,436477.5162699146,-286077.5162699146,286077.5162699146,1.9021111454116661,severe
-121.13,38.87,48.0,1127.0,,530.0,186.0,3.0917,,128100.0,323745.3655249243,-195645.3655249243,195645.3655249243,1.5272862257995652,severe
-118.17,33.98,41.0,756.0,,873.0,212.0,2.7321,,156000.0,459107.8314700666,-303107.8314700666,303107.8314700666,1.9429989196799142,severe
-119.45,36.61,24.0,1302.0,,693.0,243.0,3.7917,,90500.0,274935.3189516979,-184435.3189516979,184435.3189516979,2.037959325433126,severe
-120.85,37.78,25.0,421.0,,303.0,106.0,2.2679,,71300.0,385343.25548752106,-314043.25548752106,314043.25548752106,4.40453373755289,severe
-117.98,33.73,18.0,3833.0,,2192.0,996.0,3.4679,,219700.0,461357.2216164291,-241657.2216164291,241657.2216164291,1.0999418371253031,severe
-117.65,34.04,15.0,3393.0,,2039.0,611.0,3.9336,,151000.0,422882.1520175797,-271882.1520175797,271882.1520175797,1.8005440530965544,severe
-118.43,34.2,28.0,3386.0,,2240.0,737.0,3.0221,,290100.0,470424.7686352166,-180324.76863521658,180324.76863521658,0.6215952038442488,severe
-117.03,32.73,34.0,2061.0,,1169.0,400.0,3.5096,,142000.0,356667.6112863056,-214667.6112863056,214667.6112863056,1.5117437414528563,severe
-117.09,32.77,31.0,3062.0,,1263.0,539.0,3.0875,,291500.0,382025.2668538523,-90525.26685385231,90525.26685385231,0.31054980052779524,high
-118.3,33.73,42.0,1731.0,,866.0,403.0,2.7451,,255400.0,524085.15313900483,-268685.15313900483,268685.15313900483,1.0520170443970431,severe
-124.06,40.86,34.0,4183.0,,1891.0,669.0,3.2216,,98100.0,298875.35242076794,-200775.35242076794,200775.35242076794,2.0466396780914162,severe
-118.28,34.25,29.0,2559.0,,1886.0,769.0,2.6036,,162100.0,531341.9587703802,-369241.95877038024,369241.95877038024,2.2778652607673058,severe
-116.95,32.84,31.0,1307.0,,752.0,231.0,3.4286,,129400.0,384644.4786986343,-255244.4786986343,255244.4786986343,1.9725230193093841,severe
-120.4,37.3,28.0,1401.0,,967.0,257.0,1.5917,,89400.0,350112.95895071025,-260712.95895071025,260712.95895071025,2.916252337256267,severe
-118.18,34.04,42.0,1670.0,,1997.0,452.0,2.788,,150500.0,435806.4585359593,-285306.4585359593,285306.4585359593,1.8957239769831182,severe
-117.22,34.11,26.0,2972.0,,1972.0,532.0,2.0388,,80400.0,449452.596394393,-369052.596394393,369052.596394393,4.590206422815833,severe
-117.91,34.05,35.0,3189.0,,1727.0,500.0,5.0758,,211100.0,308619.6121733335,-97519.61217333347,97519.61217333347,0.4619593186799312,high
-118.36,34.05,42.0,1372.0,,674.0,271.0,2.8793,,202100.0,599074.9640871569,-396974.9640871569,396974.9640871569,1.9642501934050318,severe
-120.93,37.73,14.0,2799.0,,2294.0,596.0,2.6343,,81500.0,369536.4100135138,-288036.4100135138,288036.4100135138,3.5341890799204148,severe
-124.0,40.92,29.0,1429.0,,672.0,266.0,2.9485,,98800.0,278041.0387825787,-179241.03878257872,179241.03878257872,1.8141805544795417,severe
-118.26,33.83,24.0,3059.0,,2064.0,629.0,3.5518,,184600.0,424960.81620095967,-240360.81620095967,240360.81620095967,1.3020629263323926,severe
-122.41,38.16,37.0,1549.0,,863.0,275.0,2.7457,,254700.0,495908.0382158692,-241208.03821586922,241208.03821586922,0.9470280259751441,severe
-121.95,38.03,5.0,5526.0,,3207.0,1012.0,4.0767,,143100.0,311618.2103506359,-168518.21035063593,168518.21035063593,1.1776255090890002,severe
-118.28,34.06,42.0,2472.0,,3795.0,1179.0,1.2254,,162500.0,473454.23617114784,-310954.23617114784,310954.23617114784,1.9135645302839868,severe
-118.17,34.06,43.0,464.0,,416.0,120.0,2.475,,142600.0,498963.9022128764,-356363.9022128764,356363.9022128764,2.4990455975657535,severe
-120.67,40.5,15.0,5343.0,,2503.0,902.0,3.5962,,85900.0,317635.7375519142,-231735.73755191418,231735.73755191418,2.697738504678861,severe
-122.14,37.67,37.0,3342.0,,1635.0,557.0,4.7933,,186900.0,296138.77795844787,-109238.77795844787,109238.77795844787,0.5844771426348201,high
-119.68,36.79,16.0,1551.0,,1010.0,292.0,3.5417,,71300.0,257966.86750310808,-186666.86750310808,186666.86750310808,2.618048632582161,severe
-116.91,32.83,16.0,5203.0,,2515.0,862.0,4.105,,174400.0,340726.1278392109,-166326.1278392109,166326.1278392109,0.9537048614633653,severe
-118.35,33.9,31.0,1547.0,,956.0,287.0,3.4698,,225000.0,446136.06099572254,-221136.06099572254,221136.06099572254,0.9828269377587668,severe
-122.7,38.35,14.0,2313.0,,954.0,397.0,3.7813,,146500.0,362935.5352134045,-216435.5352134045,216435.5352134045,1.4773756669856963,severe
-117.66,33.51,18.0,2626.0,,1302.0,522.0,4.0167,,189600.0,435614.05893714895,-246014.05893714895,246014.05893714895,1.2975425049427687,severe
-118.09,33.89,42.0,991.0,,717.0,219.0,4.0926,,164400.0,384120.8992000404,-219720.89920004038,219720.89920004038,1.336501819951584,severe
-118.46,34.03,52.0,523.0,,317.0,130.0,2.2794,,337500.0,643368.3259596371,-305868.32595963706,305868.32595963706,0.9062765213618876,severe
-119.15,36.29,18.0,1435.0,,657.0,254.0,2.4281,,72500.0,350717.31899338245,-278217.31899338245,278217.31899338245,3.837480261977689,severe
-117.91,33.87,29.0,1121.0,,762.0,276.0,2.5,,143800.0,496977.9140138535,-353177.9140138535,353177.9140138535,2.4560355633786752,severe
-118.27,34.07,27.0,1190.0,,1795.0,422.0,1.7016,,160000.0,480001.88216585526,-320001.88216585526,320001.88216585526,2.0000117635365955,severe
-118.27,34.04,13.0,1784.0,,2158.0,682.0,1.7038,,118100.0,461700.97938133456,-343600.97938133456,343600.97938133456,2.909407107377939,severe
-117.14,33.16,16.0,1660.0,,733.0,214.0,5.6874,,202700.0,278610.4183694852,-75910.41836948518,75910.41836948518,0.3744963905746679,high
-122.72,38.88,29.0,2781.0,,890.0,310.0,1.9906,,96600.0,329525.2622265546,-232925.26222655462,232925.26222655462,2.4112345986185777,severe
-121.47,38.61,31.0,1072.0,,781.0,281.0,1.6563,,65800.0,363701.7008763426,-297901.7008763426,297901.7008763426,4.527381472284842,severe
-119.18,34.19,19.0,2393.0,,1938.0,762.0,1.6953,,167400.0,459950.01553589274,-292550.01553589274,292550.01553589274,1.7476106065465515,severe
-118.59,34.2,21.0,1789.0,,2300.0,677.0,2.754,,179800.0,538525.9148288254,-358725.9148288254,358725.9148288254,1.9951385696820099,severe
-122.22,38.08,37.0,2811.0,,1574.0,516.0,3.1053,,96700.0,414646.46194943914,-317946.46194943914,317946.46194943914,3.2879675485981297,severe
-121.97,37.34,33.0,3162.0,,1553.0,686.0,3.6682,,266100.0,427959.5420323335,-161859.5420323335,161859.5420323335,0.6082658475472886,severe
-117.14,32.71,52.0,500.0,,480.0,108.0,1.8696,,91100.0,413744.59336420865,-322644.59336420865,322644.59336420865,3.541653055589557,severe
-119.75,36.71,38.0,1481.0,,1543.0,372.0,1.4577,,49800.0,342447.7954319752,-292647.7954319752,292647.7954319752,5.876461755662153,severe
-121.3,38.58,16.0,1537.0,,1125.0,375.0,2.6471,,90700.0,364475.5525421696,-273775.5525421696,273775.5525421696,3.0184735671683525,severe
-117.76,34.04,34.0,1914.0,,1564.0,328.0,2.8347,,115800.0,475464.298965133,-359664.298965133,359664.298965133,3.1059093174881953,severe
-122.45,37.77,52.0,2602.0,,1330.0,647.0,3.5435,,278600.0,642391.7088156934,-363791.7088156934,363791.7088156934,1.305785028053458,severe
-117.15,32.72,51.0,1321.0,,781.0,499.0,1.3071,,250000.0,431741.35878024553,-181741.35878024553,181741.35878024553,0.7269654351209821,severe
-122.08,37.88,26.0,2947.0,,825.0,626.0,2.933,,85000.0,472143.92199850647,-387143.92199850647,387143.92199850647,4.554634376453017,severe
-117.87,33.73,45.0,2264.0,,1970.0,499.0,3.4193,,177000.0,471677.81791566516,-294677.81791566516,294677.81791566516,1.664846428902063,severe
-117.67,34.04,13.0,1543.0,,776.0,358.0,3.0598,,99700.0,439543.7865703324,-339843.7865703324,339843.7865703324,3.4086638572751498,severe
-117.66,33.58,6.0,4186.0,,1794.0,541.0,9.6986,,357600.0,428883.87859484315,-71283.87859484315,71283.87859484315,0.19933970524284997,high
-117.27,32.85,26.0,1373.0,,608.0,268.0,4.425,,475000.0,376197.87309442705,98802.12690557295,98802.12690557295,0.20800447769594305,high
-118.05,33.99,38.0,1619.0,,886.0,357.0,3.7328,,182400.0,411582.1882945529,-229182.1882945529,229182.1882945529,1.2564812954745226,severe
-117.92,33.87,33.0,1597.0,,1888.0,423.0,3.055,,157800.0,444314.9039130712,-286514.9039130712,286514.9039130712,1.8156838017304893,severe
-118.31,34.09,37.0,773.0,,835.0,312.0,1.8576,,193800.0,551173.2940058453,-357373.2940058453,357373.2940058453,1.8440314448186033,severe
-118.38,34.05,49.0,702.0,,458.0,187.0,4.8958,,333600.0,450818.35236708843,-117218.35236708843,117218.35236708843,0.3513739579349174,high
-121.95,37.31,27.0,4140.0,,2135.0,893.0,3.6292,,264600.0,419911.69185136113,-155311.69185136113,155311.69185136113,0.5869678452432393,severe
-120.98,37.6,36.0,1437.0,,1073.0,320.0,2.1779,,58400.0,383749.0769107095,-325349.0769107095,325349.0769107095,5.571045837512149,severe
-122.28,37.78,29.0,5154.0,,3741.0,1273.0,2.5762,,173400.0,489021.45100126846,-315621.45100126846,315621.45100126846,1.8201929123487224,severe
-118.23,34.13,48.0,1308.0,,835.0,294.0,4.2891,,214800.0,364007.28529439424,-149207.28529439424,149207.28529439424,0.6946335442010905,severe
-119.11,35.42,52.0,154.0,,37.0,16.0,10.0263,,200000.0,339833.0324594088,-139833.0324594088,139833.0324594088,0.6991651622970441,high
-121.44,38.54,39.0,2855.0,,1217.0,562.0,3.2404,,93600.0,334638.0855956892,-241038.0855956892,241038.0855956892,2.5751932221761664,severe
-118.37,34.03,37.0,1236.0,,966.0,292.0,3.0694,,122200.0,538924.7009998469,-416724.7009998469,416724.7009998469,3.4101857692295163,severe
-118.1,33.91,36.0,726.0,,490.0,130.0,3.6389,,167600.0,399911.2162530081,-232311.2162530081,232311.2162530081,1.3861051089081629,severe
-118.5,34.17,37.0,880.0,,369.0,155.0,4.1429,,303600.0,387144.4133116904,-83544.41331169038,83544.41331169038,0.2751792269818524,high
-122.79,38.48,7.0,6837.0,,3468.0,1405.0,3.1662,,191000.0,402894.19280732336,-211894.19280732336,211894.19280732336,1.109393679619494,severe
-118.31,33.94,40.0,1550.0,,798.0,270.0,3.775,,153800.0,390264.71577352076,-236464.71577352076,236464.71577352076,1.537481897097014,severe
-122.44,37.73,39.0,1912.0,,970.0,406.0,4.7813,,275500.0,347566.5484959183,-72066.54849591828,72066.54849591828,0.2615845680432605,high
-118.32,34.09,44.0,2666.0,,2297.0,726.0,1.676,,208800.0,554634.3521563122,-345834.3521563122,345834.3521563122,1.6562947900206524,severe
-116.93,32.79,19.0,3354.0,,1948.0,682.0,3.0192,,142300.0,364302.2840661934,-222002.2840661934,222002.2840661934,1.5601003799451398,severe
-119.44,36.58,37.0,1054.0,,879.0,257.0,2.5234,,63500.0,358262.6643578933,-294762.6643578933,294762.6643578933,4.641931722171548,severe
-117.3,34.05,6.0,2155.0,,1039.0,391.0,1.6675,,95800.0,456741.54149224015,-360941.54149224015,360941.54149224015,3.7676570093135715,severe
-118.29,33.73,30.0,3161.0,,1865.0,771.0,2.7139,,231700.0,517543.0313982147,-285843.0313982147,285843.0313982147,1.2336773042650613,severe
-118.4,34.17,24.0,6347.0,,2945.0,1492.0,3.3545,,221500.0,525630.0569276506,-304130.0569276506,304130.0569276506,1.3730476610729145,severe
-119.78,36.82,25.0,5016.0,,2133.0,928.0,3.625,,89500.0,273196.0758599317,-183696.0758599317,183696.0758599317,2.052470121340019,severe
-117.73,34.1,37.0,3457.0,,1344.0,530.0,5.8891,,226000.0,308449.5358299151,-82449.53582991508,82449.53582991508,0.36482095499962425,high
-122.5,37.75,45.0,1620.0,,941.0,328.0,4.3859,,270200.0,412928.4876933448,-142728.48769334482,142728.48769334482,0.5282327449790704,severe
-120.32,37.29,38.0,576.0,,478.0,112.0,2.3382,,59600.0,381840.0112079895,-322240.0112079895,322240.0112079895,5.406711597449488,severe
-122.65,38.25,23.0,4030.0,,1852.0,778.0,3.402,,193300.0,399582.9431465141,-206282.94314651412,206282.94314651412,1.0671647343327166,severe
-117.28,34.26,18.0,3895.0,,1086.0,375.0,3.3672,,133600.0,404979.6816969023,-271379.6816969023,271379.6816969023,2.0312850426414846,severe
-122.16,37.77,47.0,1256.0,,570.0,218.0,4.375,,161900.0,258179.96425873163,-96279.96425873163,96279.96425873163,0.594687858299763,high
-119.73,34.44,38.0,1729.0,,801.0,395.0,3.1364,,357500.0,539104.1378457524,-181604.1378457524,181604.1378457524,0.507983602365741,severe
-118.88,34.17,15.0,4260.0,,1701.0,669.0,5.1033,,410700.0,275053.9855011304,135646.0144988696,135646.0144988696,0.3302800450422927,high
-122.15,37.43,20.0,11709.0,,7604.0,3589.0,1.9045,,375000.0,528472.0950775406,-153472.0950775406,153472.0950775406,0.40925892020677496,severe
-117.01,32.74,31.0,3473.0,,2098.0,677.0,2.6973,,135200.0,430379.877349036,-295179.877349036,295179.877349036,2.1832831164869524,severe
-118.21,34.07,52.0,1770.0,,1848.0,439.0,2.4135,,167200.0,513196.59313353343,-345996.59313353343,345996.59313353343,2.0693576144350088,severe
-118.36,34.05,45.0,2283.0,,1093.0,475.0,2.5658,,252000.0,616264.6002115824,-364264.6002115824,364264.6002115824,1.445494445284057,severe
-118.53,34.26,18.0,3674.0,,1590.0,550.0,8.176,,308400.0,399221.88750000135,-90821.88750000135,90821.88750000135,0.2944937986381367,high
-118.19,33.98,36.0,4179.0,,4582.0,1196.0,2.0087,,172100.0,427934.878306186,-255834.878306186,255834.878306186,1.4865478111922488,severe
-122.38,37.73,40.0,543.0,,259.0,89.0,2.2167,,193800.0,491105.5787428452,-297305.5787428452,297305.5787428452,1.5340845136369723,severe
-121.08,39.22,30.0,2188.0,,1033.0,437.0,2.1419,,105200.0,349440.0723873118,-244240.07238731178,244240.07238731178,2.3216736918945986,severe
-117.28,34.09,44.0,376.0,,273.0,107.0,2.2917,,90800.0,483058.38075781736,-392258.38075781736,392258.38075781736,4.32002621979975,severe
-118.29,34.05,34.0,1102.0,,1325.0,439.0,1.5972,,168800.0,482142.42482890235,-313342.42482890235,313342.42482890235,1.856293985953213,severe
-121.33,38.02,31.0,1466.0,,608.0,254.0,3.1827,,162100.0,315549.7637489704,-153449.7637489704,153449.7637489704,0.9466364204131426,severe
-118.05,34.04,33.0,1348.0,,1098.0,257.0,4.2917,,161200.0,357696.56035932276,-196496.56035932276,196496.56035932276,1.21896129255163,severe
-118.16,34.01,40.0,1552.0,,1919.0,427.0,2.2596,,137500.0,482871.6363793785,-345371.6363793785,345371.6363793785,2.511793719122753,severe
-121.9,36.58,31.0,1431.0,,704.0,393.0,3.1977,,289300.0,542561.7010466888,-253261.70104668883,253261.70104668883,0.8754293157507391,severe
-117.92,33.7,15.0,3201.0,,1510.0,622.0,4.2708,,161700.0,353572.1187522858,-191872.11875228578,191872.11875228578,1.1865931895626827,severe
-117.87,33.83,27.0,2287.0,,1140.0,351.0,5.6163,,231000.0,303186.51746582484,-72186.51746582484,72186.51746582484,0.3124957466053023,high
-120.61,37.36,16.0,638.0,,380.0,132.0,1.9135,,87500.0,340055.9470793812,-252555.9470793812,252555.9470793812,2.886353680907214,severe
-118.25,33.95,28.0,2136.0,,1799.0,476.0,1.5427,,95700.0,440472.6622709607,-344772.6622709607,344772.6622709607,3.6026401491218465,severe
-118.07,34.1,32.0,4275.0,,2812.0,1012.0,3.3512,,214100.0,466979.87643870316,-252879.87643870316,252879.87643870316,1.181129735818324,severe
-121.85,36.61,38.0,238.0,,191.0,67.0,1.3897,,125000.0,455670.12893324206,-330670.12893324206,330670.12893324206,2.6453610314659364,severe
-122.42,40.44,16.0,994.0,,495.0,181.0,2.1875,,76400.0,298886.57467830466,-222486.57467830466,222486.57467830466,2.912127940815506,severe
-119.75,34.45,6.0,2864.0,,1404.0,603.0,5.5073,,263800.0,368962.2379685549,-105162.2379685549,105162.2379685549,0.39864381337587146,high
-118.8,34.41,45.0,1610.0,,1148.0,347.0,2.7,,120400.0,507393.629919683,-386993.629919683,386993.629919683,3.2142328066418853,severe
-119.3,36.57,32.0,728.0,,461.0,149.0,3.0156,,109100.0,280627.32802808867,-171527.32802808867,171527.32802808867,1.5722028233555332,severe
-118.55,34.19,18.0,5862.0,,3161.0,1280.0,3.1106,,170600.0,487182.34698563785,-316582.34698563785,316582.34698563785,1.85569957201429,severe
-117.17,32.75,52.0,1052.0,,381.0,201.0,3.0726,,289600.0,473090.44929663476,-183490.44929663476,183490.44929663476,0.6335996177369985,severe
-122.1,40.03,25.0,2516.0,,1266.0,494.0,1.7566,,58400.0,318589.8901893763,-260189.8901893763,260189.8901893763,4.455306338859184,severe
-114.59,34.83,41.0,812.0,,375.0,158.0,1.7083,,48500.0,404220.516933538,-355720.516933538,355720.516933538,7.334443648114186,severe
-122.23,38.17,45.0,350.0,,225.0,72.0,1.8942,,216700.0,453516.53358039085,-236816.53358039085,236816.53358039085,1.092831257869824,severe
-117.31,34.25,29.0,4610.0,,1569.0,592.0,2.7663,,97900.0,452822.21791811706,-354922.21791811706,354922.21791811706,3.6253546263341887,severe
-119.72,36.76,23.0,6403.0,,3573.0,1260.0,2.3006,,69000.0,346914.57822700636,-277914.57822700636,277914.57822700636,4.027747510536324,severe
-121.75,37.11,18.0,3167.0,,1414.0,482.0,6.8773,,467700.0,343592.75932796224,124107.24067203776,124107.24067203776,0.2653565120206067,high
-117.02,32.78,31.0,2567.0,,1198.0,499.0,3.4659,,163000.0,380274.2918076222,-217274.29180762218,217274.29180762218,1.3329711153841852,severe
-119.69,36.83,32.0,1098.0,,726.0,224.0,1.4913,,54600.0,344982.32158102945,-290382.32158102945,290382.32158102945,5.318357538114093,severe
-118.25,33.94,43.0,793.0,,736.0,231.0,0.8527,,90400.0,428032.9269923201,-337632.9269923201,337632.9269923201,3.7348775109769923,severe
-117.97,34.06,31.0,2516.0,,2194.0,497.0,3.2413,,155500.0,463374.7009648046,-307874.7009648046,307874.7009648046,1.979901613921573,severe
-118.3,34.07,18.0,3759.0,,3296.0,1462.0,2.2708,,175000.0,537921.3901778515,-362921.39017785154,362921.39017785154,2.0738365153020086,severe
-118.35,34.01,35.0,3776.0,,1583.0,749.0,3.5486,,332100.0,431042.36239333864,-98942.36239333864,98942.36239333864,0.2979294260564247,high
-118.2,33.92,45.0,1283.0,,1025.0,248.0,3.2798,,141200.0,405322.39173774776,-264122.39173774776,264122.39173774776,1.8705551822786668,severe
-122.24,37.75,45.0,891.0,,384.0,146.0,4.9489,,247100.0,319624.579204302,-72524.57920430199,72524.57920430199,0.2935029510493808,high
-117.99,34.14,30.0,2346.0,,1988.0,474.0,2.5625,,153000.0,529257.8625337377,-376257.8625337377,376257.8625337377,2.459201715906782,severe
-118.22,34.05,34.0,1113.0,,928.0,290.0,3.1654,,155000.0,429058.7016268629,-274058.7016268629,274058.7016268629,1.7681206556571802,severe
-121.19,38.71,11.0,4415.0,,1520.0,627.0,3.2321,,390800.0,319542.94488822104,71257.05511177896,71257.05511177896,0.1823363743904272,high
-119.32,36.25,21.0,1231.0,,609.0,206.0,2.8365,,90000.0,297655.0668958563,-207655.0668958563,207655.0668958563,2.30727852106507,severe
-118.56,34.2,35.0,2273.0,,1431.0,403.0,4.0789,,196700.0,393996.1077102286,-197296.1077102286,197296.1077102286,1.003030542502433,severe
-116.21,33.75,22.0,894.0,,830.0,202.0,3.0673,,68200.0,376124.6470827126,-307924.6470827126,307924.6470827126,4.515024150772912,severe
-118.23,33.94,36.0,1110.0,,1417.0,302.0,2.3333,,92100.0,468206.60750284547,-376106.60750284547,376106.60750284547,4.083676520117757,severe
-122.48,37.7,33.0,4492.0,,3477.0,1537.0,3.0546,,297900.0,485771.151275231,-187871.15127523098,187871.15127523098,0.6306517330487781,severe
-118.45,34.3,27.0,2676.0,,2661.0,623.0,4.3047,,152100.0,269917.95202776196,-117817.95202776196,117817.95202776196,0.7746084945940958,high
-122.46,37.72,39.0,2254.0,,1388.0,404.0,2.9688,,232000.0,484791.9425491268,-252791.9425491268,252791.9425491268,1.0896204420220983,severe
-120.98,37.66,10.0,934.0,,401.0,255.0,0.9336,,127100.0,372543.0492861888,-245443.0492861888,245443.0492861888,1.9311018826608088,severe
-118.36,33.89,34.0,760.0,174.0,723.0,198.0,5.3169,,227600.0,318424.8747391454,-90824.8747391454,90824.8747391454,0.3990548099259464,high
-118.15,34.15,49.0,806.0,199.0,698.0,172.0,2.3654,,137500.0,210588.2576937123,-73088.25769371231,73088.25769371231,0.5315509650451804,high
-122.07,37.39,30.0,1695.0,480.0,932.0,447.0,3.5045,,352500.0,271283.3878263607,81216.6121736393,81216.6121736393,0.2304017366628065,high
-122.7,38.35,14.0,1555.0,369.0,493.0,335.0,1.6033,,67500.0,167077.80936722644,-99577.80936722644,99577.80936722644,1.4752268054403916,high
-121.7,38.65,22.0,1360.0,282.0,808.0,229.0,2.4167,,225000.0,119143.18061344176,105856.81938655824,105856.81938655824,0.47047475282914775,high
-118.39,34.05,42.0,3105.0,559.0,1253.0,531.0,5.222,,500001.0,418544.8665363861,81456.13346361392,81456.13346361392,0.16291194110334564,high
-118.09,33.77,26.0,5359.0,1508.0,1829.0,1393.0,1.7675,,61300.0,142809.08519550046,-81509.08519550046,81509.08519550046,1.3296751255383437,high
-119.08,34.17,32.0,166.0,22.0,63.0,29.0,7.3004,,125000.0,417145.4549876979,-292145.4549876979,292145.4549876979,2.337163639901583,severe
-122.0,37.4,35.0,1542.0,298.0,1164.0,318.0,5.9145,,236900.0,309762.75441638014,-72862.75441638014,72862.75441638014,0.3075675576883923,high
-118.15,33.76,36.0,2916.0,785.0,1183.0,749.0,3.5985,,500001.0,289713.63651825953,210287.36348174047,210287.36348174047,0.4205738858157093,severe
-122.26,38.36,25.0,1821.0,344.0,349.0,179.0,6.9931,,398800.0,290238.1430753106,108561.85692468937,108561.85692468937,0.2722213062304147,high
-119.3,34.39,35.0,3079.0,579.0,1807.0,589.0,4.69,,199300.0,306900.69322139496,-107600.69322139496,107600.69322139496,0.5398930919287254,high
-122.06,37.64,20.0,1655.0,450.0,857.0,430.0,3.5541,,350000.0,209288.2600911311,140711.7399088689,140711.7399088689,0.4020335425967683,severe
-118.37,33.96,26.0,138.0,23.0,100.0,20.0,4.875,,175000.0,315768.1821960266,-140768.1821960266,140768.1821960266,0.8043896125487234,severe
-117.2,32.77,30.0,156.0,45.0,77.0,40.0,3.2679,,137500.0,219852.92611126648,-82352.92611126648,82352.92611126648,0.5989303717183017,high
-121.89,36.59,32.0,784.0,112.0,262.0,114.0,6.918,,500001.0,426048.74454028194,73952.25545971806,73952.25545971806,0.1479042151110059,high
-118.42,34.14,27.0,3990.0,892.0,1417.0,800.0,4.0439,,500001.0,393837.90127934254,106163.09872065746,106163.09872065746,0.21232577278976936,high
-118.84,34.11,12.0,7508.0,1058.0,2484.0,965.0,5.8788,,500001.0,356021.14386966877,143979.85613033123,143979.85613033123,0.2879591363423898,severe
-118.28,34.11,45.0,1607.0,331.0,633.0,332.0,3.1445,,438300.0,229032.69883212322,209267.30116787678,209267.30116787678,0.47745220435290164,severe
-119.55,34.38,17.0,1951.0,368.0,681.0,350.0,2.7275,,500001.0,302019.38030875614,197981.61969124386,197981.61969124386,0.3959624474575928,severe
-118.38,33.83,35.0,2152.0,454.0,902.0,414.0,4.5179,,427200.0,340882.1644089507,86317.83559104928,86317.83559104928,0.20205485859328015,high
-121.01,37.64,52.0,201.0,35.0,74.0,22.0,1.3036,,75000.0,160815.05036367427,-85815.05036367427,85815.05036367427,1.144200671515657,high
-120.1,39.19,18.0,3824.0,559.0,241.0,106.0,5.5456,,360000.0,214221.24202605544,145778.75797394456,145778.75797394456,0.4049409943720682,severe
-118.38,34.03,43.0,912.0,255.0,705.0,246.0,2.6402,,185700.0,263745.8786592034,-78045.87865920342,78045.87865920342,0.42027936811633504,high
-122.28,37.85,52.0,610.0,145.0,281.0,132.0,2.9018,,119400.0,199231.99950240896,-79831.99950240896,79831.99950240896,0.6686097110754519,high
-121.12,35.58,16.0,4109.0,798.0,1298.0,626.0,3.4799,,320800.0,191685.8149656883,129114.1850343117,129114.1850343117,0.4024756391343881,high
-119.11,34.17,37.0,470.0,105.0,522.0,83.0,2.0368,,243800.0,170179.38057508296,73620.61942491704,73620.61942491704,0.3019713676165588,high
-117.76,35.22,4.0,18.0,3.0,8.0,6.0,1.625,,275000.0,164779.00352322822,110220.99647677178,110220.99647677178,0.40080362355189736,high
-119.7,34.42,52.0,329.0,109.0,291.0,102.0,1.4722,,350000.0,265118.3274600464,84881.67253995361,84881.67253995361,0.24251906439986745,high
-122.53,37.5,19.0,4768.0,807.0,2199.0,805.0,6.1896,,331100.0,421446.4261764622,-90346.4261764622,90346.4261764622,0.2728674907171918,high
-117.17,32.7,33.0,4084.0,897.0,1804.0,833.0,4.0488,,409700.0,251535.93305884927,158164.06694115073,158164.06694115073,0.38604849143556436,severe
-119.69,36.73,30.0,2437.0,349.0,1005.0,380.0,7.2211,,171700.0,278531.30963003903,-106831.30963003903,106831.30963003903,0.6221974934772221,high
-122.0,37.0,16.0,32.0,4.0,36.0,5.0,2.625,,137500.0,515656.8571093413,-378156.8571093413,378156.8571093413,2.7502316880679367,severe
-122.13,37.43,40.0,3454.0,648.0,1498.0,647.0,5.2114,,438400.0,345714.68503908603,92685.31496091397,92685.31496091397,0.21141723303128185,high
-121.52,38.65,17.0,1269.0,233.0,494.0,231.0,3.9615,,331300.0,146741.8891950547,184558.1108049453,184558.1108049453,0.5570724745093428,severe
-118.01,34.13,36.0,1332.0,217.0,648.0,203.0,4.7159,,365900.0,286591.30378095567,79308.69621904433,79308.69621904433,0.21674964804330235,high
-116.77,32.82,16.0,3688.0,817.0,1969.0,767.0,2.875,,222900.0,140691.77218388644,82208.22781611356,82208.22781611356,0.36881214812074276,high
-118.76,34.13,10.0,4355.0,716.0,2030.0,674.0,6.5571,,500001.0,380051.80332014075,119949.19667985925,119949.19667985925,0.23989791356389137,high
-121.48,36.49,28.0,1006.0,228.0,738.0,193.0,1.9722,,210700.0,134876.32115176594,75823.67884823406,75823.67884823406,0.3598655854211394,high
-118.4,34.05,26.0,4473.0,923.0,1518.0,805.0,5.0762,,500001.0,403189.3414683473,96811.6585316527,96811.6585316527,0.19362292981744578,high
-122.2,37.43,22.0,3294.0,744.0,1337.0,655.0,5.2391,,500001.0,424545.4762286082,75455.52377139177,75455.52377139177,0.1509107457212921,high
-118.22,34.19,36.0,2443.0,492.0,1115.0,493.0,3.9777,,409800.0,280617.439541835,129182.56045816501,129182.56045816501,0.31523318803847,high
-118.48,34.16,30.0,3507.0,536.0,1427.0,525.0,6.7082,,500001.0,419443.21241492685,80557.78758507315,80557.78758507315,0.16111525293964044,high
-118.29,34.36,34.0,503.0,99.0,275.0,68.0,4.5491,,375000.0,195070.4865388625,179929.5134611375,179929.5134611375,0.4798120358963667,severe
-122.41,37.8,52.0,2583.0,672.0,1335.0,613.0,3.1477,,500001.0,423666.94355904084,76334.05644095916,76334.05644095916,0.15266780754630324,high
-121.43,37.74,40.0,859.0,196.0,427.0,176.0,3.5789,,110400.0,180896.17503833122,-70496.17503833122,70496.17503833122,0.6385523101298117,high
-121.84,36.25,20.0,958.0,245.0,590.0,189.0,2.6094,,362500.0,175304.3086134051,187195.6913865949,187195.6913865949,0.5164019072733652,severe
-118.38,33.81,41.0,1889.0,301.0,802.0,278.0,6.015,,488500.0,414122.1597325484,74377.8402674516,74377.8402674516,0.15225760546049458,high
-117.37,34.07,52.0,50.0,9.0,60.0,16.0,4.125,,262500.0,131258.72481281587,131241.27518718413,131241.27518718413,0.4999667626178443,high
-122.49,37.86,52.0,2175.0,510.0,809.0,503.0,4.5398,,442000.0,368091.8274579102,73908.17254208977,73908.17254208977,0.16721306004997685,high
-118.39,34.03,39.0,1366.0,375.0,1237.0,370.0,3.7206,,230900.0,321587.6611187089,-90687.6611187089,90687.6611187089,0.39275730237639195,high
-118.05,34.02,31.0,40.0,8.0,25.0,7.0,2.125,,375000.0,158376.97948015243,216623.02051984757,216623.02051984757,0.5776613880529269,severe
-117.85,33.85,17.0,4678.0,1065.0,2427.0,1020.0,4.2276,,254100.0,181460.38203685175,72639.61796314825,72639.61796314825,0.285870200563354,high
-118.11,33.77,15.0,9103.0,1847.0,3333.0,1712.0,5.1508,,367300.0,294123.6608412,73176.33915880002,73176.33915880002,0.199227713473455,high
-118.35,33.91,25.0,1884.0,554.0,1337.0,549.0,2.8512,,272800.0,178828.9731384657,93971.02686153431,93971.02686153431,0.3444685735393486,high
-122.27,37.87,30.0,1465.0,439.0,862.0,425.0,1.7778,,268800.0,177948.07219714936,90851.92780285064,90851.92780285064,0.337990802837986,high
-121.51,37.02,19.0,2372.0,394.0,1142.0,365.0,4.0238,,374600.0,232835.9605573144,141764.0394426856,141764.0394426856,0.37844110903012707,severe
-118.29,33.8,21.0,9944.0,1623.0,4185.0,1582.0,4.526,,329400.0,254775.4329471551,74624.56705284491,74624.56705284491,0.2265469552302517,high
-116.43,33.75,24.0,2596.0,438.0,473.0,237.0,3.7727,,500001.0,141909.46129877775,358091.5387012223,358091.5387012223,0.7161816450391545,severe
-118.42,33.99,35.0,1724.0,419.0,1079.0,394.0,4.5521,,263800.0,353941.97238053754,-90141.97238053754,90141.97238053754,0.3417057330573826,high
-122.45,37.77,52.0,2191.0,627.0,1100.0,585.0,3.0409,,500000.0,420997.94201451074,79002.05798548926,79002.05798548926,0.15800411597097852,high
-118.31,34.1,33.0,766.0,347.0,918.0,305.0,1.705,,350000.0,237215.18357560955,112784.81642439045,112784.81642439045,0.32224233264111557,high
-122.33,37.98,3.0,2850.0,544.0,1024.0,515.0,6.0115,,175000.0,253107.54452380777,-78107.54452380777,78107.54452380777,0.44632882585033007,high
-118.4,33.86,41.0,2237.0,597.0,938.0,523.0,4.7105,,500001.0,390475.0050948313,109525.99490516871,109525.99490516871,0.219051551707234,high
-121.93,37.33,44.0,2142.0,358.0,846.0,375.0,5.4273,,421000.0,322144.72577431955,98855.27422568045,98855.27422568045,0.23481062761444288,high
-121.17,38.71,15.0,3084.0,557.0,1040.0,562.0,2.5183,,293300.0,137829.730048313,155470.269951687,155470.269951687,0.5300725194397784,severe
-118.32,34.1,30.0,2193.0,965.0,2197.0,836.0,1.8277,,137500.0,246130.81442762297,-108630.81442762297,108630.81442762297,0.7900422867463489,high
-118.29,34.11,48.0,1448.0,295.0,681.0,287.0,3.2333,,436400.0,312643.04784681805,123756.95215318195,123756.95215318195,0.28358604984688807,high
-117.83,33.88,18.0,2112.0,340.0,1048.0,315.0,6.9308,,231700.0,310102.1680902028,-78402.16809020279,78402.16809020279,0.33837793737679234,high
-122.83,38.39,19.0,1765.0,394.0,868.0,388.0,2.462,,260300.0,164132.71311472246,96167.28688527754,96167.28688527754,0.3694478942961104,high
-122.03,37.0,30.0,2077.0,342.0,816.0,328.0,5.2078,,440500.0,318933.3159356324,121566.68406436761,121566.68406436761,0.27597431115633964,high
-122.04,37.12,30.0,1427.0,311.0,686.0,251.0,4.0781,,154500.0,263200.7544566293,-108700.75445662928,108700.75445662928,0.7035647537645908,high
-117.9,34.06,35.0,1313.0,194.0,599.0,209.0,7.5,,287200.0,383236.93291809637,-96036.93291809637,96036.93291809637,0.33439043495158904,high
-121.72,37.7,17.0,1671.0,352.0,729.0,252.0,6.1023,,450000.0,287448.95282804535,162551.04717195465,162551.04717195465,0.36122454927101033,severe
-118.56,34.17,35.0,2987.0,391.0,1244.0,387.0,7.1322,,500001.0,427962.7948101793,72038.20518982073,72038.20518982073,0.144076122227397,high
-122.41,37.8,52.0,2892.0,751.0,1785.0,733.0,3.5746,,350000.0,434715.70361282607,-84715.70361282607,84715.70361282607,0.24204486746521733,high
-122.03,37.31,25.0,2131.0,410.0,1132.0,395.0,5.3508,,409100.0,313047.77431693417,96052.22568306583,96052.22568306583,0.23478911191167398,high
-118.37,33.95,35.0,924.0,349.0,1376.0,358.0,2.2297,,262500.0,160730.20986392864,101769.79013607136,101769.79013607136,0.3876944386136052,high
-120.11,34.62,16.0,2943.0,394.0,959.0,359.0,6.2094,,440000.0,349325.00531804503,90674.99468195497,90674.99468195497,0.20607953336807946,high
-117.22,32.83,31.0,3958.0,727.0,1924.0,728.0,5.4605,,190200.0,317027.1373368505,-126827.13733685052,126827.13733685052,0.6668093445680889,high
-119.85,36.84,12.0,2272.0,304.0,840.0,305.0,8.9669,,213900.0,311028.2965752493,-97128.29657524929,97128.29657524929,0.4540827329371168,high
-119.51,37.32,14.0,362.0,78.0,88.0,39.0,3.5893,,214300.0,129813.48281413651,84486.51718586349,84486.51718586349,0.39424413059199015,high
-118.36,34.1,52.0,1096.0,247.0,423.0,230.0,3.0179,,500001.0,360511.7015883604,139489.29841163958,139489.29841163958,0.2789780388672014,high
-122.2,37.43,40.0,2223.0,412.0,1050.0,417.0,5.2421,,444500.0,352419.2805115998,92080.71948840021,92080.71948840021,0.20715572438335256,high
-122.41,37.8,52.0,3260.0,1535.0,3260.0,1457.0,0.9,,500001.0,298470.9737167541,201530.02628324588,201530.02628324588,0.40305924644799884,severe
-117.7,33.72,6.0,211.0,51.0,125.0,44.0,1.9659,,500001.0,148674.81007205154,351326.18992794846,351326.18992794846,0.7026509745539479,severe
-119.21,34.26,31.0,224.0,88.0,326.0,88.0,2.375,,55000.0,178034.5092197979,-123034.50921979791,123034.50921979791,2.2369910767235983,high
-119.18,34.16,12.0,460.0,101.0,405.0,103.0,5.2783,,167400.0,283235.5133360703,-115835.51333607029,115835.51333607029,0.6919684189729408,high
-117.16,32.74,49.0,1815.0,495.0,601.0,410.0,3.0571,,418800.0,255072.7183192646,163727.2816807354,163727.2816807354,0.3909438435547646,severe
-121.89,37.42,26.0,40.0,8.0,52.0,7.0,7.7197,,225000.0,367511.22506868216,-142511.22506868216,142511.22506868216,0.6333832225274763,severe
-118.15,34.1,52.0,4325.0,823.0,1927.0,795.0,3.9485,,419100.0,263171.47969967284,155928.52030032716,155928.52030032716,0.37205564376121963,severe
-121.96,37.24,26.0,3032.0,605.0,1208.0,562.0,5.4683,,430900.0,294563.1104449899,136336.88955501007,136336.88955501007,0.3164003006614297,high
-122.74,38.46,9.0,2268.0,594.0,1311.0,585.0,2.6607,,91500.0,177001.92305445502,-85501.92305445502,85501.92305445502,0.9344472464967762,high
-118.5,33.99,22.0,3484.0,975.0,1268.0,952.0,3.2609,,500001.0,400552.9925775936,99448.0074224064,99448.0074224064,0.1988956170535787,high
-118.21,34.02,52.0,22.0,7.0,55.0,7.0,7.5752,,67500.0,364623.0421154134,-297123.0421154134,297123.0421154134,4.401822846154273,severe
-117.32,33.51,4.0,966.0,133.0,311.0,92.0,5.2066,,500001.0,291500.0905287589,208500.90947124112,208500.90947124112,0.41700098494051235,severe
-117.14,33.15,17.0,1149.0,182.0,702.0,192.0,5.5696,,168400.0,248937.25934895,-80537.25934895,80537.25934895,0.47824975860421615,high
-117.3,32.96,30.0,1226.0,205.0,380.0,151.0,4.2875,,500001.0,279519.0020836661,220481.9979163339,220481.9979163339,0.44096311390644,severe
-118.29,34.08,49.0,649.0,315.0,987.0,329.0,1.6806,,316700.0,228537.4151078028,88162.58489219719,88162.58489219719,0.27837885977959326,high
-119.85,34.44,28.0,1765.0,301.0,1173.0,297.0,6.0256,,276800.0,360092.59938903636,-83292.59938903636,83292.59938903636,0.3009125700470967,high
-118.26,34.16,20.0,3407.0,885.0,1883.0,870.0,3.7321,,351100.0,264598.804002451,86501.19599754899,86501.19599754899,0.2463719623968926,high
-118.37,34.07,39.0,2309.0,526.0,870.0,546.0,3.1677,,453400.0,355418.27919447474,97981.72080552526,97981.72080552526,0.2161043687814849,high
-121.37,38.01,15.0,2430.0,315.0,1016.0,314.0,10.0088,,242000.0,368371.0532458633,-126371.0532458633,126371.0532458633,0.5221944349002615,high
-118.18,34.1,7.0,2529.0,689.0,1215.0,577.0,4.7853,,153100.0,224945.68935476724,-71845.68935476724,71845.68935476724,0.4692729546359715,high
-122.0,37.27,33.0,1664.0,271.0,759.0,272.0,5.7876,,415800.0,312457.9402851055,103342.05971489451,103342.05971489451,0.24853790215222343,high
-117.79,33.77,21.0,4349.0,553.0,1680.0,519.0,6.9014,,439000.0,323218.71760202665,115781.28239797335,115781.28239797335,0.26373868427784364,high
-121.87,36.55,20.0,10053.0,1768.0,3083.0,1621.0,5.1506,,387500.0,302166.3948382028,85333.6051617972,85333.6051617972,0.22021575525625084,high
-122.43,37.78,10.0,2380.0,843.0,1245.0,789.0,1.3062,,220000.0,145875.07283353573,74124.92716646427,74124.92716646427,0.33693148712029214,high
-117.26,33.09,22.0,2398.0,407.0,349.0,169.0,7.0423,,500001.0,368138.9921371837,131862.00786281627,131862.00786281627,0.263723488278656,high
-116.95,33.86,1.0,6.0,2.0,8.0,2.0,1.625,,55000.0,219914.92864306876,-164914.92864306876,164914.92864306876,2.9984532480557955,severe
-118.38,34.05,35.0,3517.0,879.0,1632.0,784.0,3.0956,,500001.0,356786.1722413176,143214.82775868243,143214.82775868243,0.28642908265919953,severe
-118.43,34.02,41.0,2403.0,516.0,1001.0,514.0,4.3906,,500001.0,391542.5336597743,108458.46634022571,108458.46634022571,0.21691649884745373,high
-118.29,34.08,38.0,380.0,130.0,445.0,140.0,1.9286,,137500.0,218120.34694499112,-80620.34694499112,80620.34694499112,0.5863297959635718,high
-118.28,34.06,14.0,1787.0,853.0,2251.0,763.0,1.1642,,400000.0,183738.31456392267,216261.68543607733,216261.68543607733,0.5406542135901933,severe
-122.15,37.47,37.0,1844.0,382.0,1634.0,417.0,2.7993,,145500.0,216282.33759185288,-70782.33759185288,70782.33759185288,0.4864765470230438,high
-117.96,33.65,18.0,3603.0,879.0,1549.0,756.0,4.0229,,363100.0,232275.53929173466,130824.46070826534,130824.46070826534,0.3602987075413532,high
-122.26,37.88,52.0,2255.0,410.0,823.0,377.0,5.7979,,415300.0,293389.98969262786,121910.01030737214,121910.01030737214,0.29354685843335454,high
-118.35,34.22,19.0,9259.0,1653.0,3963.0,1595.0,5.997,,228700.0,333036.8524076206,-104336.85240762058,104336.85240762058,0.45621710716056224,high
-122.18,37.73,42.0,909.0,215.0,646.0,198.0,2.9063,,80000.0,154958.69749121388,-74958.69749121388,74958.69749121388,0.9369837186401735,high
-117.15,34.22,10.0,1039.0,174.0,317.0,109.0,7.2371,,171900.0,249427.74104186083,-77527.74104186083,77527.74104186083,0.4510048926228088,high
-118.6,34.08,40.0,866.0,181.0,399.0,176.0,6.91,,380000.0,481465.28495637985,-101465.28495637985,101465.28495637985,0.267013907779947,high
-119.21,37.25,44.0,3042.0,697.0,335.0,115.0,4.1838,,85600.0,159521.03478202355,-73921.03478202355,73921.03478202355,0.8635634904442003,high
-117.32,33.12,25.0,2670.0,527.0,936.0,461.0,2.7717,,354000.0,176420.19195807553,177579.80804192447,177579.80804192447,0.5016378758246454,severe
-117.91,33.84,26.0,1156.0,393.0,1880.0,400.0,2.2716,,350000.0,158061.81438826132,191938.18561173868,191938.18561173868,0.5483948160335391,severe
-120.05,34.47,21.0,1241.0,248.0,746.0,211.0,3.8056,,425000.0,273015.55288503267,151984.44711496733,151984.44711496733,0.3576104637999231,severe
-117.8,33.77,29.0,5436.0,707.0,2046.0,685.0,8.7496,,349500.0,433186.1033991416,-83686.10339914158,83686.10339914158,0.2394452171649258,high
-119.25,34.3,34.0,1189.0,220.0,445.0,203.0,4.8824,,396400.0,287913.24757156876,108486.75242843124,108486.75242843124,0.27368000108080537,high
-116.36,33.78,6.0,24121.0,4522.0,4176.0,2221.0,3.3799,,239300.0,137558.6905159817,101741.3094840183,101741.3094840183,0.42516217920609406,high
-122.29,37.82,2.0,158.0,43.0,94.0,57.0,2.5625,,60000.0,192881.7210510621,-132881.7210510621,132881.7210510621,2.214695350851035,high
-117.35,33.96,25.0,2396.0,316.0,951.0,314.0,8.2405,,235200.0,327279.3169084439,-92079.31690844393,92079.31690844393,0.39149369433862213,high
-120.37,34.9,17.0,2649.0,386.0,1057.0,362.0,4.7813,,326800.0,211736.320818052,115063.67918194801,115063.67918194801,0.35209204156042845,high
-117.13,33.89,4.0,1611.0,239.0,275.0,84.0,3.5781,,244400.0,145187.2698396908,99212.7301603092,99212.7301603092,0.4059440677590393,high
-122.23,37.78,52.0,862.0,215.0,994.0,213.0,3.0257,,80800.0,172201.9557120335,-91401.9557120335,91401.9557120335,1.1312123231687314,high
-122.01,37.4,14.0,4841.0,1130.0,813.0,517.0,3.7614,,137500.0,214413.2027138715,-76913.20271387149,76913.20271387149,0.5593687470099745,high
-117.87,33.81,15.0,3082.0,536.0,1268.0,531.0,3.7604,,280100.0,205206.42830998474,74893.57169001526,74893.57169001526,0.2673815483399331,high
-118.42,34.18,31.0,2887.0,646.0,1626.0,637.0,3.6745,,335500.0,243901.8961234954,91598.10387650461,91598.10387650461,0.2730196836855577,high
-117.35,33.95,28.0,1650.0,210.0,557.0,211.0,7.6632,,204800.0,304877.6924729993,-100077.69247299928,100077.69247299928,0.48866060777831677,high
-122.53,37.86,38.0,1183.0,196.0,628.0,205.0,3.75,,478600.0,329567.4398397648,149032.5601602352,149032.5601602352,0.31139272912711075,severe
-118.05,34.16,36.0,3908.0,732.0,1688.0,725.0,4.5625,,376800.0,284833.97545199085,91966.02454800915,91966.02454800915,0.24407119041403702,high
-122.18,37.45,43.0,2061.0,437.0,817.0,385.0,4.4688,,460200.0,323254.66633819044,136945.33366180956,136945.33366180956,0.2975778654102772,high
-122.42,37.79,6.0,670.0,301.0,655.0,284.0,3.4423,,117500.0,230362.67849969736,-112862.67849969736,112862.67849969736,0.9605334340399775,high
-122.05,37.89,37.0,1677.0,269.0,689.0,283.0,4.2625,,310600.0,226901.91713014359,83698.08286985641,83698.08286985641,0.26947225650307927,high
-117.33,33.22,21.0,2868.0,602.0,855.0,559.0,2.7846,,91200.0,171927.05210090012,-80727.05210090012,80727.05210090012,0.8851650449660101,high
-122.02,37.95,25.0,1205.0,260.0,608.0,272.0,2.4519,,208300.0,122190.13955135302,86109.86044864698,86109.86044864698,0.413393473109203,high
-118.08,34.15,28.0,238.0,58.0,142.0,31.0,0.4999,,500001.0,245999.221066832,254001.778933168,254001.778933168,0.5080025418612523,severe
-118.36,34.1,36.0,2963.0,838.0,1129.0,745.0,2.5588,,500001.0,291683.1724618571,208317.8275381429,208317.8275381429,0.4166348218066422,severe
-116.95,32.76,13.0,5543.0,857.0,2074.0,737.0,4.9528,,266200.0,187058.2984077141,79141.70159228591,79141.70159228591,0.29730165887410187,high
-119.27,34.26,23.0,3578.0,753.0,1455.0,649.0,4.1898,,359100.0,263800.5563737554,95299.44362624461,95299.44362624461,0.26538413708227404,high
-122.2,37.48,41.0,733.0,155.0,652.0,140.0,5.1654,,233600.0,328114.4899425317,-94514.48994253168,94514.48994253168,0.40459970009645413,high
-117.12,32.78,4.0,2782.0,817.0,1309.0,787.0,4.2621,,124200.0,197727.71510445024,-73527.71510445024,73527.71510445024,0.592010588602659,high
-118.38,34.14,40.0,1965.0,354.0,666.0,357.0,6.0876,,483800.0,413125.11187107005,70674.88812892995,70674.88812892995,0.1460828609527283,high
-117.22,32.81,24.0,730.0,196.0,335.0,203.0,3.5078,,362500.0,230806.9736700057,131693.0263299943,131693.0263299943,0.3632911071172256,high
-118.07,34.16,35.0,2459.0,438.0,970.0,437.0,4.2143,,369400.0,265510.0680253384,103889.9319746616,103889.9319746616,0.28123966425192637,high
-122.07,37.88,11.0,1077.0,318.0,590.0,264.0,3.5536,,387200.0,223540.04114670953,163659.95885329047,163659.95885329047,0.4226755135673824,severe
-118.58,34.17,18.0,6476.0,1082.0,2413.0,958.0,5.6327,,500001.0,335828.39657963003,164172.60342036997,164172.60342036997,0.32834455015163966,severe
-117.04,32.83,8.0,2205.0,348.0,777.0,341.0,6.0266,,177400.0,254717.0388301597,-77317.0388301597,77317.0388301597,0.4358344917145417,high
-118.43,33.98,19.0,8324.0,1590.0,2927.0,1538.0,7.5426,,351700.0,467952.18725113553,-116252.18725113553,116252.18725113553,0.33054360890285905,high
-122.4,37.78,52.0,464.0,202.0,286.0,148.0,1.6125,,112500.0,215546.76495333476,-103046.76495333476,103046.76495333476,0.9159712440296423,high
-122.25,37.81,52.0,2155.0,701.0,895.0,613.0,2.5795,,350000.0,188811.53156871314,161188.46843128686,161188.46843128686,0.46053848123224816,severe
-117.96,33.68,24.0,6517.0,1279.0,3441.0,1198.0,4.25,,152100.0,245208.47322384923,-93108.47322384923,93108.47322384923,0.6121530126485814,high
-119.8,36.8,43.0,1951.0,288.0,725.0,308.0,6.3359,,169300.0,285874.7753596411,-116574.77535964112,116574.77535964112,0.6885692578832907,high
-117.09,32.63,27.0,2920.0,770.0,1935.0,746.0,2.4148,,67500.0,145405.35613802736,-77905.35613802736,77905.35613802736,1.154153424267072,high
-121.94,36.57,28.0,3153.0,409.0,569.0,271.0,14.4113,,500001.0,570185.3398255013,-70184.33982550132,70184.33982550132,0.1403683989142048,high
-122.25,37.87,52.0,609.0,236.0,1349.0,250.0,1.1696,,500001.0,233931.82646287017,266069.1735371298,266069.1735371298,0.5321372827996941,severe
-118.31,34.16,38.0,2347.0,665.0,1317.0,547.0,3.2112,,349300.0,263003.36965492414,86296.63034507586,86296.63034507586,0.24705591281155412,high
-117.79,33.75,26.0,2893.0,345.0,983.0,326.0,13.466,,500001.0,423242.7649436352,76758.23505636479,76758.23505636479,0.15351616308040342,high
-117.27,33.06,7.0,3686.0,733.0,1612.0,672.0,3.197,,367100.0,210294.41172386016,156805.58827613984,156805.58827613984,0.42714679454137794,severe
-118.32,33.84,42.0,1486.0,420.0,897.0,377.0,1.6228,,376100.0,191993.21987734988,184106.78012265012,184106.78012265012,0.4895155015226007,severe
-117.22,32.86,4.0,16289.0,4585.0,7604.0,4176.0,3.6287,,280800.0,205981.75220369332,74818.24779630668,74818.24779630668,0.26644675141134855,high
-118.23,34.22,36.0,2288.0,439.0,1079.0,434.0,4.5486,,361000.0,265787.5863419894,95212.4136580106,95212.4136580106,0.26374629822163603,high
-120.92,37.65,23.0,505.0,124.0,163.0,129.0,1.3696,,275000.0,87533.61260281307,187466.38739718695,187466.38739718695,0.6816959541715889,severe
-122.55,37.91,48.0,1283.0,278.0,567.0,255.0,3.2794,,460000.0,341762.8748778556,118237.12512214441,118237.12512214441,0.2570372285264009,high
-121.5,38.61,5.0,1395.0,373.0,638.0,322.0,2.6745,,225000.0,134383.6930169684,90616.3069830316,90616.3069830316,0.40273914214680706,high
-117.8,33.52,50.0,1152.0,341.0,519.0,225.0,3.053,,500001.0,357301.65649468603,142699.34350531397,142699.34350531397,0.28539811621439554,severe
-118.13,34.15,28.0,1119.0,334.0,739.0,323.0,2.5903,,125000.0,199483.31899548703,-74483.31899548703,74483.31899548703,0.5958665519638963,high
-122.09,37.63,36.0,1570.0,274.0,992.0,249.0,5.3644,,168800.0,270200.9877156345,-101400.98771563452,101400.98771563452,0.6007167518698727,high
-122.39,37.76,52.0,157.0,28.0,88.0,27.0,3.675,,162500.0,283418.33905413555,-120918.33905413555,120918.33905413555,0.7441128557177572,high
-122.73,38.42,26.0,1446.0,296.0,884.0,295.0,4.3523,,150000.0,223142.76948260076,-73142.76948260076,73142.76948260076,0.4876184632173384,high
-122.07,37.91,33.0,1550.0,277.0,638.0,254.0,3.6833,,292500.0,190651.14274308534,101848.85725691466,101848.85725691466,0.3482012213911612,high
-118.48,34.04,40.0,1395.0,285.0,610.0,262.0,3.9659,,500001.0,407211.0247959171,92789.9752040829,92789.9752040829,0.1855795792490073,high
-118.43,34.01,27.0,3133.0,1021.0,2242.0,1002.0,2.697,,412500.0,320792.11852120166,91707.88147879834,91707.88147879834,0.22232213691829902,high
-121.21,38.76,16.0,1608.0,296.0,792.0,286.0,3.1583,,239200.0,136883.69056474368,102316.30943525632,102316.30943525632,0.4277437685420415,high
-117.9,36.95,19.0,99.0,26.0,51.0,22.0,1.7292,,137500.0,58930.79980385237,78569.20019614763,78569.20019614763,0.5714123650628918,high
-118.99,37.63,10.0,7744.0,1573.0,483.0,224.0,3.2917,,231800.0,114659.91443767192,117140.08556232808,117140.08556232808,0.5053498082930461,high
-121.92,37.34,52.0,2584.0,491.0,1087.0,433.0,4.4,,391300.0,257683.77569264208,133616.22430735792,133616.22430735792,0.3414674784241194,high
-118.29,34.05,11.0,677.0,370.0,1143.0,341.0,2.3864,,350000.0,201936.94907125313,148063.05092874687,148063.05092874687,0.4230372883678482,severe
-117.21,32.75,27.0,2072.0,534.0,1118.0,510.0,2.8043,,262100.0,185311.48798687838,76788.51201312162,76788.51201312162,0.2929741015380451,high
-118.39,34.0,35.0,1465.0,386.0,1104.0,345.0,4.056,,339100.0,265138.26619600813,73961.73380399187,73961.73380399187,0.21811186612796188,high
-118.06,33.83,21.0,3941.0,655.0,1897.0,670.0,4.88,,343900.0,257439.05659043515,86460.94340956485,86460.94340956485,0.2514130369571528,high
-121.28,38.75,52.0,493.0,89.0,189.0,94.0,2.108,,83800.0,160723.22473704338,-76923.22473704338,76923.22473704338,0.9179382426854819,high
-122.47,37.5,25.0,950.0,259.0,404.0,195.0,3.1937,,319200.0,400638.0084069637,-81438.00840696372,81438.00840696372,0.2551316052849741,high
-118.32,33.77,37.0,627.0,95.0,259.0,106.0,6.887,,500001.0,418523.6310824129,81477.3689175871,81477.3689175871,0.16295441192635035,high
-120.64,34.97,5.0,2090.0,469.0,1911.0,482.0,2.4318,,86100.0,201690.58757768903,-115590.58757768903,115590.58757768903,1.342515535164797,high
-120.79,37.82,17.0,4227.0,729.0,1809.0,679.0,3.2667,,269500.0,142515.75536408057,126984.24463591943,126984.24463591943,0.47118458120934853,high
-117.4,33.9,32.0,1263.0,178.0,508.0,180.0,3.6667,,314100.0,164278.32994212635,149821.67005787365,149821.67005787365,0.47698716987543344,severe
-117.92,33.98,10.0,16414.0,2919.0,8907.0,2714.0,6.1552,,362500.0,285397.29151815875,77102.70848184125,77102.70848184125,0.21269712684645864,high
-122.06,37.39,26.0,18.0,4.0,8.0,4.0,3.75,,375000.0,239035.86571208143,135964.13428791857,135964.13428791857,0.36257102476778286,high
-118.02,33.98,23.0,1995.0,306.0,707.0,293.0,8.6677,,332700.0,431605.82591905404,-98905.82591905404,98905.82591905404,0.2972823141540548,high
-122.46,37.75,52.0,1590.0,236.0,622.0,232.0,5.8151,,500001.0,418070.3353185871,81930.66468141292,81930.66468141292,0.16386100164082257,high
-117.89,33.66,32.0,2736.0,550.0,1279.0,534.0,5.5422,,253100.0,327347.3131235041,-74247.31312350411,74247.31312350411,0.2933516915191786,high
-118.03,34.11,38.0,2076.0,361.0,988.0,332.0,5.9175,,416900.0,333269.6090692996,83630.3909307004,83630.3909307004,0.20060060189661888,high
-118.54,34.17,34.0,2458.0,433.0,1034.0,373.0,5.6738,,443600.0,300368.3412395258,143231.65876047418,143231.65876047418,0.32288471316608247,severe
-118.13,34.18,52.0,1464.0,211.0,603.0,226.0,5.8309,,309100.0,388894.993060353,-79794.99306035298,79794.99306035298,0.2581526789399967,high
-117.02,33.6,7.0,1972.0,352.0,964.0,317.0,3.244,,337200.0,168284.61895790478,168915.38104209522,168915.38104209522,0.5009352937191436,severe
-119.04,34.28,21.0,1856.0,276.0,863.0,255.0,4.5833,,500001.0,253200.41173366338,246800.58826633662,246800.58826633662,0.4936001893322946,severe
-118.51,34.26,29.0,2472.0,354.0,1109.0,397.0,5.5433,,332500.0,256664.49129447047,75835.50870552953,75835.50870552953,0.228076717911367,high
-122.23,37.42,16.0,1945.0,320.0,512.0,300.0,7.4542,,500001.0,421280.65155085665,78720.34844914335,78720.34844914335,0.15744038201752267,high
-121.59,38.69,32.0,541.0,82.0,229.0,98.0,8.0379,,383300.0,270434.6283711498,112865.37162885017,112865.37162885017,0.29445700920649664,high
-120.56,35.07,14.0,6788.0,1216.0,2866.0,1036.0,3.3603,,280200.0,198910.01386843747,81289.98613156253,81289.98613156253,0.2901141546451197,high
-122.56,38.03,34.0,1887.0,290.0,815.0,283.0,6.5249,,324800.0,401798.71664004883,-76998.71664004883,76998.71664004883,0.23706501428586463,high
-118.57,34.18,36.0,2981.0,441.0,1243.0,413.0,6.5304,,439800.0,367369.17676669115,72430.82323330885,72430.82323330885,0.16469036660597738,high
-122.09,37.4,36.0,1575.0,379.0,1036.0,382.0,5.1408,,264700.0,350807.45533688366,-86107.45533688366,86107.45533688366,0.32530206020734287,high
-119.94,38.96,20.0,1451.0,386.0,467.0,255.0,1.5536,,212500.0,103274.20214089994,109225.79785910006,109225.79785910006,0.5140037546310591,high
-117.63,33.45,5.0,3549.0,604.0,1571.0,534.0,5.3705,,363500.0,284607.66795017815,78892.33204982185,78892.33204982185,0.21703530137502572,high
-118.05,33.82,25.0,1548.0,279.0,732.0,265.0,5.123,,159600.0,255806.46586602507,-96206.46586602507,96206.46586602507,0.6027974051755957,high
-121.81,38.84,37.0,352.0,65.0,238.0,67.0,2.8542,,275000.0,108252.65767914195,166747.34232085804,166747.34232085804,0.6063539720758474,severe
-122.32,37.52,26.0,4042.0,591.0,1611.0,578.0,8.4693,,419200.0,496771.26902601373,-77571.26902601373,77571.26902601373,0.18504596618800986,high
-121.97,37.24,35.0,2553.0,533.0,1117.0,498.0,4.4063,,436100.0,253644.27548667794,182455.72451332206,182455.72451332206,0.41838047354579694,severe
-117.96,33.78,26.0,2136.0,557.0,1528.0,537.0,2.4931,,236100.0,166019.40782206634,70080.59217793366,70080.59217793366,0.2968258880895115,high
-118.13,33.84,48.0,1895.0,294.0,881.0,293.0,6.3364,,307400.0,394722.8879746648,-87322.8879746648,87322.8879746648,0.28406925170678204,high
-118.48,34.01,31.0,1829.0,458.0,719.0,392.0,4.4,,353800.0,443263.0235582713,-89463.02355827129,89463.02355827129,0.2528632661341755,high
-122.08,37.59,16.0,1816.0,365.0,1367.0,355.0,4.235,,156300.0,226812.81924458256,-70512.81924458256,70512.81924458256,0.4511376791080138,high
-117.91,33.9,27.0,829.0,114.0,383.0,133.0,9.3125,,293500.0,429854.4629921393,-136354.46299213928,136354.46299213928,0.46458079384033824,high
-122.47,37.72,47.0,1176.0,286.0,564.0,258.0,3.2059,,350000.0,271289.87158600986,78710.12841399014,78710.12841399014,0.22488608118282896,high
-118.19,33.83,42.0,1773.0,360.0,815.0,299.0,4.9,,406300.0,230090.47889925967,176209.52110074033,176209.52110074033,0.43369313586202396,severe
-118.12,34.23,52.0,433.0,69.0,147.0,53.0,3.9583,,162500.0,250052.09678740037,-87552.09678740037,87552.09678740037,0.5387821340763099,high
-118.54,34.17,25.0,3352.0,891.0,1815.0,860.0,2.8528,,425000.0,258188.1092792769,166811.8907207231,166811.8907207231,0.39249856640170144,severe
-118.1,34.17,44.0,4505.0,894.0,2296.0,899.0,3.4811,,300500.0,212272.04690604485,88227.95309395515,88227.95309395515,0.2936038372510987,high
-117.3,33.08,24.0,2628.0,527.0,1389.0,520.0,4.0,,343200.0,237311.17484714577,105888.82515285423,105888.82515285423,0.3085338728230018,high
-117.19,33.14,12.0,3652.0,923.0,1677.0,728.0,2.3267,,92000.0,162385.3214738704,-70385.3214738704,70385.3214738704,0.7650578421072869,high
-122.25,37.56,19.0,7976.0,1406.0,3437.0,1338.0,5.6396,,430300.0,340969.5050279454,89330.49497205461,89330.49497205461,0.20760049958646204,high
-118.35,34.07,45.0,3312.0,880.0,1157.0,809.0,3.5719,,500001.0,366373.119508415,133627.880491585,133627.880491585,0.26725522647271704,high
-117.17,32.68,16.0,5895.0,1424.0,873.0,522.0,7.3669,,187500.0,354597.7723287478,-167097.7723287478,167097.7723287478,0.8911881190866549,severe
-122.19,37.46,34.0,5419.0,1183.0,2002.0,1138.0,4.1985,,500001.0,315964.93457805476,184036.06542194524,184036.06542194524,0.36807139470110106,severe
-118.35,34.06,52.0,3446.0,1360.0,1768.0,1245.0,2.4722,,500001.0,306951.85964980855,193049.14035019145,193049.14035019145,0.3860975085053659,severe
-118.38,33.88,39.0,1489.0,282.0,743.0,270.0,4.8611,,456100.0,341549.45002715953,114550.54997284047,114550.54997284047,0.2511522691796546,high
-118.3,33.88,35.0,3227.0,749.0,1881.0,696.0,2.8445,,242100.0,168857.7377817022,73242.26221829781,73242.26221829781,0.30252896414001573,high
-117.87,33.87,16.0,1332.0,368.0,1534.0,295.0,3.0227,,297100.0,167078.84772284052,130021.15227715948,130021.15227715948,0.4376343058807118,high
-118.38,33.86,15.0,1778.0,311.0,908.0,330.0,7.674,,329300.0,430719.692922874,-101419.692922874,101419.692922874,0.3079857058089098,high
-118.46,33.99,35.0,1214.0,300.0,478.0,265.0,4.0156,,500001.0,360463.8575472412,139537.1424527588,139537.1424527588,0.2790737267580641,high
-117.33,33.97,8.0,152.0,19.0,1275.0,20.0,1.625,,162500.0,438377.79978624766,-275877.79978624766,275877.79978624766,1.6977095371461395,severe
-118.53,34.37,8.0,3839.0,852.0,1342.0,593.0,3.9118,,333700.0,207186.8458587513,126513.1541412487,126513.1541412487,0.3791224277532176,high
-121.29,37.95,52.0,107.0,79.0,167.0,53.0,0.7917,,22500.0,106068.7578712215,-83568.7578712215,83568.7578712215,3.7141670164987337,high
-117.29,32.92,25.0,2355.0,381.0,823.0,358.0,6.8322,,500001.0,403400.45556340844,96600.54443659156,96600.54443659156,0.19320070247177817,high
-117.61,33.43,33.0,1150.0,383.0,604.0,317.0,2.3545,,187500.0,262629.9216648653,-75129.92166486528,75129.92166486528,0.40069291554594816,high
-118.12,33.77,20.0,4534.0,954.0,1941.0,892.0,6.0362,,463500.0,350271.4446358031,113228.55536419689,113228.55536419689,0.24429030283537623,high
-122.5,37.51,11.0,749.0,137.0,355.0,124.0,8.2364,,371800.0,445689.92268254975,-73889.92268254975,73889.92268254975,0.19873567155069863,high
-122.32,37.56,49.0,2016.0,299.0,691.0,288.0,5.549,,500001.0,388097.183362328,111903.81663767202,111903.81663767202,0.2238071856609727,high
-121.69,37.14,12.0,4077.0,590.0,1618.0,540.0,5.2951,,386200.0,296895.16506636527,89304.83493363473,89304.83493363473,0.23123986259356483,high
-118.35,33.97,26.0,1725.0,431.0,1130.0,404.0,3.2708,,128100.0,203559.1878171476,-75459.18781714761,75459.18781714761,0.5890646980261328,high
-118.48,34.15,31.0,2536.0,429.0,990.0,424.0,5.4591,,495500.0,359916.4877432235,135583.5122567765,135583.5122567765,0.27362969173920587,high
-120.18,39.28,14.0,10098.0,1545.0,701.0,254.0,4.0819,,141300.0,212524.79210042872,-71224.79210042872,71224.79210042872,0.5040678846456385,high
-118.47,34.04,21.0,5041.0,1491.0,2719.0,1420.0,3.5335,,268800.0,384770.23712714354,-115970.23712714354,115970.23712714354,0.4314368940741947,high
-119.51,34.4,15.0,1112.0,256.0,411.0,245.0,2.0625,,314300.0,230532.4873896293,83767.5126103707,83767.5126103707,0.26652088008390296,high
-118.56,34.18,39.0,1819.0,291.0,770.0,278.0,5.4088,,457300.0,301709.58363404416,155590.41636595584,155590.41636595584,0.34023707930451746,severe
-118.04,34.12,30.0,2170.0,318.0,984.0,309.0,5.6916,,500001.0,343088.3339403116,156912.66605968837,156912.66605968837,0.3138247044699678,severe
-122.5,37.92,30.0,2270.0,359.0,974.0,351.0,5.5926,,300900.0,375490.3248265661,-74590.3248265661,74590.3248265661,0.2478907438569827,high
-121.87,37.27,25.0,1730.0,226.0,721.0,243.0,7.5845,,279300.0,381585.5435977422,-102285.54359774222,102285.54359774222,0.3662210655128615,high
-117.6,33.43,21.0,3951.0,562.0,1392.0,543.0,5.1439,,414000.0,315781.80931660766,98218.19068339234,98218.19068339234,0.23724200648162402,high
-121.82,37.38,32.0,3747.0,665.0,1687.0,649.0,5.4949,,330800.0,239975.08705931137,90824.91294068863,90824.91294068863,0.2745614055038955,high
-122.45,37.78,43.0,1452.0,397.0,897.0,393.0,4.1319,,322700.0,425120.0751540627,-102420.07515406271,102420.07515406271,0.3173848006013719,high
-122.14,37.48,36.0,1210.0,236.0,981.0,239.0,4.0039,,148900.0,236681.60764100487,-87781.60764100487,87781.60764100487,0.5895339666958017,high
-118.44,33.81,33.0,3994.0,990.0,1647.0,931.0,5.0106,,500001.0,404587.2367048361,95413.76329516392,95413.76329516392,0.19082714493603797,high
-122.12,37.75,33.0,1809.0,261.0,808.0,219.0,6.86,,250000.0,326685.5982184394,-76685.59821843938,76685.59821843938,0.30674239287375754,high
-118.34,34.07,52.0,3421.0,598.0,1203.0,564.0,4.1618,,500001.0,396622.6380565802,103378.36194341979,103378.36194341979,0.20675631037421882,high
-117.65,33.4,17.0,2737.0,654.0,910.0,492.0,3.5729,,370800.0,231549.67456303176,139250.32543696824,139250.32543696824,0.37554025198750873,high
-118.33,34.15,39.0,493.0,168.0,259.0,138.0,2.3667,,17500.0,268121.97990361473,-250621.97990361473,250621.97990361473,14.32125599449227,severe
-121.82,37.81,12.0,4711.0,659.0,2089.0,621.0,8.3209,,485400.0,366815.96578673954,118584.03421326046,118584.03421326046,0.24430167740679945,high
-116.99,33.92,26.0,503.0,69.0,293.0,59.0,3.7083,,147500.0,255928.12103764966,-108428.12103764966,108428.12103764966,0.7351059053399976,high
-117.94,33.88,35.0,2159.0,343.0,833.0,335.0,5.3738,,365100.0,234105.74664072282,130994.25335927718,130994.25335927718,0.3587900667194664,high
-117.11,32.78,16.0,2470.0,830.0,1170.0,724.0,3.5562,,73500.0,151991.2138474542,-78491.2138474542,78491.2138474542,1.0679076713939346,high
-118.52,34.22,21.0,4617.0,1101.0,2891.0,1031.0,3.2289,,318100.0,220098.9989220372,98001.0010779628,98001.0010779628,0.308082367425221,high
-118.14,33.96,34.0,2744.0,541.0,1333.0,503.0,4.0536,,277200.0,189961.16651105686,87238.83348894314,87238.83348894314,0.31471440652576893,high
-116.88,34.19,38.0,898.0,259.0,106.0,52.0,1.6875,,225000.0,69997.0985126132,155002.90148738679,155002.90148738679,0.6889017843883857,severe
-119.82,34.44,16.0,1414.0,463.0,793.0,439.0,3.6034,,150000.0,250218.79731679705,-100218.79731679705,100218.79731679705,0.6681253154453136,high
-122.03,37.34,16.0,1755.0,410.0,674.0,410.0,5.1602,,231200.0,325410.32181440253,-94210.32181440253,94210.32181440253,0.4074840908927445,high
-122.26,37.86,52.0,3774.0,744.0,1461.0,679.0,2.9405,,289500.0,216158.35554126755,73341.64445873245,73341.64445873245,0.25333901367437806,high
-117.71,34.04,17.0,4098.0,733.0,1859.0,713.0,2.9811,,231800.0,155242.16130352032,76557.83869647968,76557.83869647968,0.3302754042125957,high
-120.59,34.7,29.0,17738.0,3114.0,12427.0,2826.0,2.7377,,28300.0,154986.44215336573,-126686.44215336573,126686.44215336573,4.47655272626734,high
-117.86,34.24,52.0,803.0,267.0,628.0,225.0,4.1932,,14999.0,203604.68393882544,-188605.68393882544,188605.68393882544,12.574550565959427,severe
-122.19,37.83,28.0,1326.0,184.0,463.0,190.0,8.2049,,335200.0,431119.56138053624,-95919.56138053624,95919.56138053624,0.28615620936914155,high
-122.41,37.8,52.0,812.0,252.0,629.0,247.0,2.5875,,500001.0,335278.7330482856,164722.2669517144,164722.2669517144,0.3294438750156788,severe
-118.46,34.01,48.0,1640.0,322.0,664.0,301.0,4.0,,500001.0,390695.21084213845,109305.78915786155,109305.78915786155,0.21861114109344093,high
-122.48,37.79,52.0,4683.0,1055.0,2246.0,975.0,4.1148,,457800.0,350759.47404187906,107040.52595812094,107040.52595812094,0.23381504141136072,high
-118.4,33.87,38.0,2398.0,431.0,911.0,392.0,5.2319,,500001.0,393464.815078411,106536.18492158898,106536.18492158898,0.21307194369929056,high
-118.33,34.08,50.0,2989.0,832.0,1345.0,775.0,3.2426,,442900.0,341805.35400219925,101094.64599780075,101094.64599780075,0.22825614359404098,high
-118.03,34.01,10.0,6531.0,1036.0,2975.0,1018.0,6.2319,,403700.0,304801.39410914335,98898.60589085665,98898.60589085665,0.24498044560529267,high
-117.62,33.42,23.0,2656.0,515.0,998.0,435.0,4.0294,,500001.0,263773.99639043614,236227.00360956386,236227.00360956386,0.4724530623130031,severe
-118.27,34.05,12.0,535.0,328.0,1194.0,365.0,1.2012,,275000.0,201183.19914737024,73816.80085262976,73816.80085262976,0.26842473037319914,high
-118.13,33.79,29.0,2937.0,524.0,1132.0,528.0,4.6133,,500001.0,266257.3938683994,233743.60613160062,233743.60613160062,0.4674862772906467,severe
-117.19,32.84,30.0,2492.0,406.0,1250.0,431.0,5.5277,,197100.0,285105.6841740419,-88005.6841740419,88005.6841740419,0.4465027101676403,high
-119.14,34.15,25.0,2202.0,390.0,1415.0,412.0,4.43,,207700.0,289011.18611746724,-81311.18611746724,81311.18611746724,0.39148380412839306,high
-120.13,34.63,11.0,2137.0,339.0,916.0,338.0,5.5221,,394900.0,267342.6613056303,127557.33869436971,127557.33869436971,0.32301174650384834,high
-119.66,34.43,27.0,5509.0,1059.0,2591.0,979.0,3.8456,,500001.0,308706.71985624055,191294.28014375945,191294.28014375945,0.38258779511192864,severe
-122.13,37.46,35.0,1321.0,300.0,1133.0,287.0,3.7312,,159600.0,250948.21989872228,-91348.21989872228,91348.21989872228,0.5723572675358539,high
-120.52,35.06,11.0,1317.0,234.0,655.0,243.0,4.3611,,329700.0,212080.29154361307,117619.70845638693,117619.70845638693,0.3567476750269546,high
-118.09,33.83,36.0,2734.0,448.0,1308.0,441.0,5.9265,,227300.0,310349.34525502217,-83049.34525502217,83049.34525502217,0.36537327432917804,high
-122.51,38.06,24.0,9493.0,1935.0,5162.0,1880.0,3.0742,,118800.0,206140.9457353572,-87340.9457353572,87340.9457353572,0.7351931459205152,high
-118.18,34.05,41.0,762.0,147.0,817.0,176.0,3.75,,123100.0,193162.5733393888,-70062.5733393888,70062.5733393888,0.5691516924402014,high
-118.15,33.96,33.0,2418.0,485.0,1397.0,477.0,3.1083,,285500.0,188080.57304264748,97419.42695735252,97419.42695735252,0.34122391228494753,high
-118.32,34.1,28.0,1759.0,716.0,1463.0,620.0,1.7306,,450000.0,248178.8297690891,201821.1702309109,201821.1702309109,0.44849148940202427,severe
-119.73,36.73,7.0,2461.0,647.0,1587.0,551.0,1.4007,,225000.0,69722.6703208335,155277.3296791665,155277.3296791665,0.6901214652407399,severe
-118.49,34.02,28.0,1394.0,582.0,716.0,543.0,1.5132,,450000.0,361638.0659669766,88361.93403302343,88361.93403302343,0.19635985340671872,high
-117.08,33.03,18.0,1339.0,284.0,761.0,290.0,5.3074,,137200.0,268265.03383141564,-131065.03383141564,131065.03383141564,0.9552845031444288,high
-122.34,37.97,19.0,392.0,109.0,287.0,81.0,6.0426,,110000.0,313907.08531724685,-203907.08531724685,203907.08531724685,1.853700775611335,severe
-118.07,33.72,24.0,1240.0,296.0,513.0,254.0,4.9044,,485000.0,297947.0284401953,187052.9715598047,187052.9715598047,0.38567623002021584,severe
-117.87,33.6,34.0,3415.0,779.0,1275.0,718.0,4.498,,482900.0,405690.106954016,77209.89304598398,77209.89304598398,0.15988795412297366,high
-118.16,34.6,2.0,11008.0,1549.0,4098.0,1367.0,6.4865,,204400.0,284605.5947510314,-80205.59475103143,80205.59475103143,0.3923952776469248,high
-121.81,36.57,13.0,3030.0,413.0,1027.0,363.0,6.9615,,500001.0,354390.2470288235,145610.75297117652,145610.75297117652,0.29122092350050605,severe
-118.43,34.01,31.0,2526.0,528.0,1046.0,504.0,4.7009,,500001.0,366048.8375122482,133952.1624877518,133952.1624877518,0.2679037891679253,high
-118.39,34.08,27.0,6605.0,1710.0,2665.0,1520.0,3.8088,,500001.0,425069.0538414187,74931.9461585813,74931.9461585813,0.14986359258997742,high
-121.62,36.74,30.0,1337.0,253.0,838.0,247.0,5.0374,,165400.0,250296.43172097564,-84896.43172097564,84896.43172097564,0.5132795146370958,high
-119.82,34.43,15.0,1482.0,345.0,669.0,379.0,3.0773,,112500.0,238859.35101768855,-126359.35101768855,126359.35101768855,1.1231942312683427,high
-117.97,33.77,25.0,1295.0,417.0,856.0,342.0,2.7157,,350000.0,176177.11361482114,173822.88638517886,173822.88638517886,0.4966368182433682,severe
-118.27,34.46,10.0,2184.0,405.0,1119.0,370.0,4.7437,,294000.0,214021.09866364574,79978.90133635426,79978.90133635426,0.27203707937535465,high
-122.24,37.84,52.0,3529.0,574.0,1177.0,555.0,5.1773,,389500.0,313344.0126798645,76155.98732013552,76155.98732013552,0.19552243214412202,high
-121.94,36.55,30.0,2722.0,584.0,628.0,384.0,3.4048,,487100.0,376822.220870985,110277.77912901499,110277.77912901499,0.2263965902874461,high
-119.27,34.17,15.0,11403.0,2131.0,3327.0,1585.0,4.3693,,423300.0,289881.3300182419,133418.6699817581,133418.6699817581,0.31518703043174606,high
-122.41,37.74,48.0,409.0,86.0,148.0,70.0,3.6687,,335000.0,254713.14443447106,80286.85556552894,80286.85556552894,0.23966225541948938,high
-118.37,34.09,31.0,6348.0,1827.0,2559.0,1755.0,3.2818,,225000.0,357956.6053588065,-132956.6053588065,132956.6053588065,0.59091824603914,high
-118.29,34.07,19.0,3013.0,1118.0,2465.0,1008.0,2.5386,,290600.0,214849.36617352505,75750.63382647495,75750.63382647495,0.26066976540424963,high
-117.03,34.07,16.0,3784.0,577.0,1615.0,525.0,4.2333,,220300.0,149017.34772071103,71282.65227928897,71282.65227928897,0.32357082287466626,high
-122.5,37.88,28.0,5448.0,1089.0,2100.0,1023.0,4.7475,,474600.0,327497.2395637137,147102.76043628628,147102.76043628628,0.3099510333676491,severe
-122.43,37.77,52.0,1862.0,472.0,872.0,471.0,3.2981,,222700.0,399209.7881977641,-176509.78819776408,176509.78819776408,0.7925899784363003,severe
-118.41,34.03,33.0,1730.0,386.0,994.0,363.0,3.7277,,500001.0,382981.8902980657,117019.10970193433,117019.10970193433,0.234037751328366,high
-118.32,33.34,52.0,996.0,264.0,341.0,160.0,2.7361,,450000.0,379230.35988635547,70769.64011364453,70769.64011364453,0.15726586691921007,high
-118.11,33.78,16.0,3985.0,567.0,1327.0,564.0,7.9767,,500001.0,417867.0842341894,82133.91576581058,82133.91576581058,0.16426750299661516,high
-122.05,37.11,39.0,1065.0,248.0,497.0,208.0,4.5972,,146300.0,297918.14987304906,-151618.14987304906,151618.14987304906,1.036350990246405,severe
-118.01,33.88,19.0,1434.0,391.0,1088.0,341.0,3.369,,269600.0,187829.97162183153,81770.02837816847,81770.02837816847,0.30330129220388896,high
-117.19,32.82,35.0,2197.0,353.0,945.0,357.0,4.9219,,192900.0,266221.45960660884,-73321.45960660884,73321.45960660884,0.38010087924628744,high
-122.15,37.67,35.0,2472.0,398.0,1171.0,390.0,5.5797,,198100.0,271761.4399702278,-73661.43997022777,73661.43997022777,0.37183967678055413,high
-117.95,34.14,13.0,3859.0,710.0,2283.0,759.0,4.5594,,184500.0,256708.10426264908,-72208.10426264908,72208.10426264908,0.39137183882194626,high
-117.22,32.74,41.0,2621.0,542.0,1074.0,471.0,2.4016,,287500.0,197838.65335825822,89661.34664174178,89661.34664174178,0.31186555353649315,high
-121.76,38.41,19.0,686.0,107.0,348.0,109.0,3.9306,,93800.0,174387.65564397184,-80587.65564397184,80587.65564397184,0.8591434503621731,high
-117.58,34.0,2.0,7544.0,1516.0,2801.0,1001.0,4.0037,,245200.0,161305.39843591664,83894.60156408336,83894.60156408336,0.3421476409628196,high
-118.38,33.99,21.0,11308.0,3039.0,5127.0,2839.0,4.6277,,228300.0,327503.16755906236,-99203.16755906236,99203.16755906236,0.4345298622823581,high
-118.12,34.08,52.0,1437.0,290.0,980.0,282.0,5.3032,,245700.0,330954.9445608747,-85254.94456087472,85254.94456087472,0.34698797135073145,high
-118.44,34.06,9.0,5102.0,1695.0,2609.0,1450.0,3.2545,,500001.0,341397.728644292,158603.271355708,158603.271355708,0.31720590829959944,severe
-121.88,36.49,28.0,2830.0,458.0,898.0,370.0,5.8142,,500001.0,325778.81441549346,174222.18558450654,174222.18558450654,0.3484436742816645,severe
-122.01,36.91,19.0,691.0,191.0,324.0,167.0,3.1312,,388500.0,260204.9163462448,128295.0836537552,128295.0836537552,0.3302318755566414,high
-117.28,32.77,38.0,1267.0,340.0,442.0,250.0,4.3403,,500000.0,394664.61492686946,105335.38507313054,105335.38507313054,0.2106707701462611,high
-118.42,34.0,31.0,1930.0,456.0,1002.0,410.0,3.9798,,458600.0,351493.64686571027,107106.35313428973,107106.35313428973,0.2335507046103134,high
-122.15,37.44,52.0,1400.0,217.0,522.0,227.0,4.9861,,500001.0,389911.02244263736,110089.97755736264,110089.97755736264,0.22017951475569578,high
-118.3,34.06,47.0,1390.0,872.0,2860.0,827.0,1.468,,137500.0,232456.00609882572,-94956.00609882572,94956.00609882572,0.6905891352641871,high
-117.79,33.55,39.0,5066.0,1292.0,1915.0,1117.0,3.821,,452100.0,372218.5937580683,79881.40624193172,79881.40624193172,0.17668968423342563,high
-117.07,32.79,25.0,2489.0,314.0,911.0,309.0,7.8336,,277600.0,365345.0807136761,-87745.08071367611,87745.08071367611,0.3160845847034442,high
-117.55,33.83,6.0,502.0,76.0,228.0,65.0,4.2386,,500001.0,196194.33721051866,303806.66278948134,303806.66278948134,0.6076121103547419,severe
-120.92,37.63,39.0,45.0,8.0,22.0,9.0,1.7679,,450000.0,157365.54099983987,292634.4590001601,292634.4590001601,0.6502987977781336,severe
-118.39,34.04,52.0,1492.0,277.0,666.0,289.0,4.7386,,340400.0,420387.4457778724,-79987.4457778724,79987.4457778724,0.2349807455284148,high
-117.17,32.69,40.0,2236.0,331.0,767.0,316.0,5.3177,,500001.0,406603.9637424446,93397.03625755542,93397.03625755542,0.18679369892771297,high
-117.3,32.85,28.0,2334.0,694.0,770.0,552.0,3.1324,,500001.0,297903.5721942218,202097.42780577822,202097.42780577822,0.40419404722346197,severe
-118.36,34.09,28.0,1111.0,300.0,526.0,294.0,2.6136,,383300.0,286064.4693256248,97235.53067437519,97235.53067437519,0.2536799652344774,high
-118.31,34.07,20.0,3264.0,1248.0,2919.0,1191.0,2.3674,,500001.0,278282.53342670127,221718.46657329873,221718.46657329873,0.44343604627450495,severe
-118.35,34.05,44.0,1856.0,493.0,1374.0,469.0,2.0984,,158000.0,230589.8015753683,-72589.8015753683,72589.8015753683,0.45942912389473606,high
-120.89,37.59,33.0,1016.0,206.0,617.0,209.0,2.151,,195800.0,102848.67792537999,92951.32207462001,92951.32207462001,0.47472585329223704,high
-120.85,37.75,26.0,28.0,4.0,9.0,5.0,1.625,,85000.0,186727.01668955103,-101727.01668955103,101727.01668955103,1.196788431641777,high
-118.12,33.94,33.0,2394.0,576.0,1166.0,548.0,2.7317,,264700.0,165723.86043752622,98976.13956247378,98976.13956247378,0.373918169862009,high
-122.18,37.75,45.0,330.0,76.0,282.0,80.0,4.0469,,80700.0,173158.2452341931,-92458.2452341931,92458.2452341931,1.1457031627533223,high
-122.29,37.89,52.0,2178.0,421.0,940.0,423.0,5.0551,,232200.0,304098.3428183882,-71898.34281838819,71898.34281838819,0.30963971928677086,high
-117.68,33.57,2.0,10008.0,1453.0,3550.0,1139.0,10.1122,,500001.0,411215.36561059306,88785.63438940694,88785.63438940694,0.1775709136369866,high
-122.25,37.5,44.0,348.0,79.0,154.0,73.0,4.7708,,253800.0,329882.39942392986,-76082.39942392986,76082.39942392986,0.29977304737561017,high
-121.36,38.57,26.0,1793.0,244.0,653.0,235.0,5.6485,,129500.0,216073.30711126493,-86573.30711126493,86573.30711126493,0.6685197460329338,high
-122.49,37.76,52.0,1382.0,230.0,708.0,279.0,5.8096,,339800.0,416969.9010617606,-77169.90106176061,77169.90106176061,0.22710388776268572,high
-122.11,37.4,31.0,2836.0,490.0,1138.0,481.0,4.9519,,500001.0,312765.66019258933,187235.33980741067,187235.33980741067,0.37446993067496,severe
-118.32,34.07,25.0,2740.0,707.0,1420.0,664.0,3.5909,,404500.0,270902.48627826,133597.51372174,133597.51372174,0.3302781550599258,high
-121.96,37.03,17.0,1343.0,203.0,511.0,185.0,4.625,,386400.0,298466.97274405963,87933.02725594037,87933.02725594037,0.22756994631454547,high
-118.38,34.14,42.0,1253.0,225.0,492.0,224.0,7.7112,,386700.0,469219.69620369026,-82519.69620369026,82519.69620369026,0.21339461133615273,high
-122.41,37.81,25.0,1178.0,545.0,592.0,441.0,3.6728,,500001.0,377844.01214422163,122156.98785577837,122156.98785577837,0.24431348708458256,high
-118.36,34.16,42.0,2304.0,442.0,862.0,429.0,4.3542,,417900.0,318522.50113783346,99377.49886216654,99377.49886216654,0.2378021030441889,high
-117.71,33.6,25.0,1949.0,459.0,602.0,428.0,2.7601,,72500.0,162191.4917600257,-89691.4917600257,89691.4917600257,1.2371240242762167,high
-117.15,32.76,43.0,2361.0,489.0,824.0,470.0,3.4196,,302200.0,204690.79294354733,97509.20705645267,97509.20705645267,0.3226644839723781,high
-117.88,33.77,31.0,2549.0,355.0,1044.0,362.0,6.9737,,288800.0,359492.4074034235,-70692.40740342351,70692.40740342351,0.24477980402847477,high
-121.06,36.72,23.0,395.0,70.0,166.0,52.0,2.2132,,100000.0,211135.3112605762,-111135.31126057621,111135.31126057621,1.111353112605762,high
-122.31,37.5,22.0,14034.0,3020.0,6266.0,2952.0,4.3939,,491200.0,349382.518006053,141817.481993947,141817.481993947,0.2887163721375143,severe
-121.83,37.29,20.0,1649.0,408.0,1729.0,362.0,3.3833,,115200.0,205917.3329753687,-90717.33297536871,90717.33297536871,0.7874768487445201,high
-121.87,37.31,6.0,3797.0,984.0,2437.0,904.0,3.6802,,152400.0,235411.4495432121,-83011.4495432121,83011.4495432121,0.5446945508084784,high
-118.68,34.08,18.0,102.0,17.0,55.0,21.0,3.9934,,500001.0,406801.5915009785,93199.40849902149,93199.40849902149,0.1863984442011546,high
-120.69,37.77,46.0,431.0,86.0,239.0,80.0,3.3182,,282100.0,125255.3599451779,156844.64005482208,156844.64005482208,0.5559895074612623,severe
-118.29,34.16,42.0,413.0,107.0,349.0,107.0,4.3438,,189800.0,291810.79907273187,-102010.79907273187,102010.79907273187,0.5374646947983766,high
-117.25,32.86,25.0,2911.0,533.0,1137.0,499.0,5.1023,,500001.0,295525.5059808102,204475.4940191898,204475.4940191898,0.4089501701380393,severe
-118.33,34.18,48.0,2122.0,385.0,926.0,362.0,5.6975,,231400.0,319537.8348211931,-88137.83482119307,88137.83482119307,0.3808895195384316,high
-121.66,37.11,19.0,3785.0,611.0,2198.0,610.0,5.1514,,436700.0,289413.1469048953,147286.85309510469,147286.85309510469,0.3372723908749821,severe
-122.41,37.78,52.0,1534.0,763.0,1520.0,614.0,1.4554,,375000.0,202018.4967200928,172981.5032799072,172981.5032799072,0.46128400874641917,severe
-119.64,34.43,32.0,1872.0,318.0,749.0,296.0,4.625,,500001.0,336358.6532914297,163642.34670857032,163642.34670857032,0.32728403884906293,severe
-118.35,34.11,33.0,7478.0,1678.0,2701.0,1500.0,4.1717,,500001.0,404852.49130992475,95148.50869007525,95148.50869007525,0.19029663678687692,high
-120.8,35.33,20.0,2200.0,393.0,996.0,365.0,3.587,,330000.0,221489.664410036,108510.335589964,108510.335589964,0.3288191987574667,high
-121.39,38.58,41.0,2577.0,365.0,913.0,339.0,6.3406,,448300.0,308919.1935705548,139380.80642944522,139380.80642944522,0.3109096730525211,high
-121.06,37.42,52.0,504.0,96.0,295.0,97.0,3.5,,73500.0,157228.49223955165,-83728.49223955165,83728.49223955165,1.139163159721791,high
-117.19,32.82,35.0,1074.0,180.0,442.0,173.0,5.253,,204000.0,315119.3121453477,-111119.3121453477,111119.3121453477,0.5447025105164103,high
-118.23,34.21,50.0,309.0,47.0,121.0,45.0,6.213,,285000.0,411707.5854146404,-126707.58541464037,126707.58541464037,0.4445880189987382,high
-116.31,33.65,8.0,3079.0,558.0,1572.0,474.0,4.5938,,102600.0,177840.50371226124,-75240.50371226124,75240.50371226124,0.7333382428095637,high
-118.31,33.93,35.0,1580.0,266.0,926.0,282.0,5.0653,,158000.0,228620.21472401437,-70620.21472401437,70620.21472401437,0.44696338432920485,high
-122.07,37.58,16.0,1644.0,251.0,1033.0,267.0,6.5116,,244300.0,322981.50171769806,-78681.50171769806,78681.50171769806,0.3220691842721984,high
-120.83,35.36,28.0,4323.0,886.0,1650.0,705.0,2.7266,,266800.0,174853.4159346682,91946.58406533179,91946.58406533179,0.3446273765567158,high
-118.37,34.22,17.0,1787.0,463.0,1671.0,448.0,3.5521,,151500.0,221690.4213164089,-70190.4213164089,70190.4213164089,0.4633031109993987,high
