alpha,feature,coefficient
0.0001,age,2.5844718507274638
0.0001,sex,-11.94734449989419
0.0001,bmi,24.464134876761605
0.0001,bp,15.655203459244571
0.0001,s1,-10.647897932882618
0.0001,s2,-3.21615611623563
0.0001,s3,1.3107100756108951
0.0001,s4,3.561834353676372
0.0001,s5,37.03644414602091
0.0001,s6,2.1934031411914363
0.0001,bmi_x_bp,6.762053265287886
0.0001,bmi_x_s5,1.371423740504564
0.0001,s1_minus_s2,-15.969424866959866
0.0001,s3_x_s4,-4.324702584936247
0.00013141473626117567,age,2.5844721496096343
0.00013141473626117567,sex,-11.947343212065437
0.00013141473626117567,bmi,24.464135905384758
0.00013141473626117567,bp,15.655202086557887
0.00013141473626117567,s1,-10.647872741666744
0.00013141473626117567,s2,-3.2161518388014247
0.00013141473626117567,s3,1.3106524649609403
0.00013141473626117567,s4,3.5618131804078703
0.00013141473626117567,s5,37.03639492539876
0.00013141473626117567,s6,2.193405562053872
0.00013141473626117567,bmi_x_bp,6.762053922150538
0.00013141473626117567,bmi_x_s5,1.3714198565134827
0.00013141473626117567,s1_minus_s2,-15.969380025678667
0.00013141473626117567,s3_x_s4,-4.324706273488503
0.00017269832906594343,age,2.5844725423856434
0.00017269832906594343,sex,-11.947341519670312
0.00017269832906594343,bmi,24.464137257125895
0.00017269832906594343,bp,15.655200282652613
0.00017269832906594343,s1,-10.647839651876945
0.00017269832906594343,s2,-3.216146202924528
0.00017269832906594343,s3,1.310576756870112
0.00017269832906594343,s4,3.561785356157482
0.00017269832906594343,s5,37.03633024264747
0.00017269832906594343,s6,2.1934087434154104
0.00017269832906594343,bmi_x_bp,6.762054785352539
0.00017269832906594343,bmi_x_s5,1.3714147524146587
0.00017269832906594343,s1_minus_s2,-15.969321091111208
0.00017269832906594343,s3_x_s4,-4.32471112064753
0.00022695105366946685,age,2.58447305855259
0.00022695105366946685,sex,-11.94733929561656
0.00022695105366946685,bmi,24.46413903347611
0.00022695105366946685,bp,15.655197912067928
0.00022695105366946685,s1,-10.647796170610464
0.00022695105366946685,s2,-3.21613879371811
0.00022695105366946685,s3,1.3104772666523636
0.00022695105366946685,s4,3.5617487919333737
0.00022695105366946685,s5,37.036245240670716
0.00022695105366946685,s6,2.1934129241787157
0.00022695105366946685,bmi_x_bp,6.762055919705884
0.00022695105366946685,bmi_x_s5,1.3714080449419879
0.00022695105366946685,s1_minus_s2,-15.969243641694804
0.00022695105366946685,s3_x_s4,-4.324717490283032
0.0002982471286216891,age,2.584473736874419
0.0002982471286216891,sex,-11.947336372887062
0.0002982471286216891,bmi,24.46414136779853
0.0002982471286216891,bp,15.655194796792149
0.0002982471286216891,s1,-10.64773903033765
0.0002982471286216891,s2,-3.216129057703769
0.0002982471286216891,s3,1.3103465242109151
0.0002982471286216891,s4,3.5617007427795944
0.0002982471286216891,s5,37.03613353673921
0.0002982471286216891,s6,2.193418418292581
0.0002982471286216891,bmi_x_bp,6.762057410376588
0.0002982471286216891,bmi_x_s5,1.3713992304472906
0.0002982471286216891,s1_minus_s2,-15.969141863172487
0.0002982471286216891,s3_x_s4,-4.324725860498446
0.0003919406774847221,age,2.584474628293392
0.0003919406774847221,sex,-11.947332531998237
0.0003919406774847221,bmi,24.464144435332436
0.0003919406774847221,bp,15.655190702898425
0.0003919406774847221,s1,-10.647663939077203
0.0003919406774847221,s2,-3.21611626589703
0.0003919406774847221,s3,1.3101747134615565
0.0003919406774847221,s4,3.561637601916836
0.0003919406774847221,s5,37.03598674337052
0.0003919406774847221,s6,2.1934256383243547
0.0003919406774847221,bmi_x_bp,6.762059369274098
0.0003919406774847221,bmi_x_s5,1.3713876470971418
0.0003919406774847221,s1_minus_s2,-15.969008114315313
0.0003919406774847221,s3_x_s4,-4.324736859462288
0.0005150678076168122,age,2.584475799756427
0.0005150678076168122,sex,-11.947327484518878
0.0005150678076168122,bmi,24.464148466334485
0.0005150678076168122,bp,15.655185322983959
0.0005150678076168122,s1,-10.647565265898645
0.0005150678076168122,s2,-3.216099451652941
0.0005150678076168122,s3,1.3099489358742544
0.0005150678076168122,s4,3.5615546303647907
0.0005150678076168122,s5,37.03579383880735
0.0005150678076168122,s6,2.193435126434913
0.0005150678076168122,bmi_x_bp,6.762061943444465
0.0005150678076168122,bmi_x_s5,1.3713724252045847
0.0005150678076168122,s1_minus_s2,-15.968832349938902
0.0005150678076168122,s3_x_s4,-4.3247513124562085
0.0006768750009458535,age,2.5844773392438087
0.0006768750009458535,sex,-11.947320851412334
0.0006768750009458535,bmi,24.464153763337915
0.0006768750009458535,bp,15.655178253096036
0.0006768750009458535,s1,-10.647435600113438
0.0006768750009458535,s2,-3.216077356616738
0.0006768750009458535,s3,1.3096522430371487
0.0006768750009458535,s4,3.5614456018866774
0.0006768750009458535,s5,37.035540339923365
0.0006768750009458535,s6,2.193447595080656
0.0006768750009458535,bmi_x_bp,6.762065326094388
0.0006768750009458535,bmi_x_s5,1.3713524219756534
0.0006768750009458535,s1_minus_s2,-15.968601375750309
0.0006768750009458535,s3_x_s4,-4.324770303635028
0.0008895134973108237,age,2.5844793623783704
0.0008895134973108237,sex,-11.94731213457627
0.0008895134973108237,bmi,24.464160723815844
0.0008895134973108237,bp,15.655168962415756
0.0008895134973108237,s1,-10.647265209061006
0.0008895134973108237,s2,-3.216048323103903
0.0008895134973108237,s3,1.3092623659671658
0.0008895134973108237,s4,3.5613023368501344
0.0008895134973108237,s5,37.03520721563454
0.0008895134973108237,s6,2.1934639804945464
0.0008895134973108237,bmi_x_bp,6.762069771067978
0.0008895134973108237,bmi_x_s5,1.3713261357884747
0.0008895134973108237,s1_minus_s2,-15.968297852297285
0.0008895134973108237,s3_x_s4,-4.32479525706943
0.0011689518164985776,age,2.584482021112052
0.0011689518164985776,sex,-11.947300679444114
0.0011689518164985776,bmi,24.464169869933503
0.0011689518164985776,bp,15.655156753428265
0.0011689518164985776,s1,-10.647041305428017
0.0011689518164985776,s2,-3.216010173359733
0.0011689518164985776,s3,1.3087500463755843
0.0011689518164985776,s4,3.561114090432956
0.0011689518164985776,s5,37.03476945953606
0.0011689518164985776,s6,2.1934855129560917
0.0011689518164985776,bmi_x_bp,6.762075611853852
0.0011689518164985776,bmi_x_s5,1.3712915935976333
0.0011689518164985776,s1_minus_s2,-15.967898996195103
0.0011689518164985776,s3_x_s4,-4.324828043044068
0.0015361749466718281,age,2.5844855151433217
0.0015361749466718281,sex,-11.947285625841833
0.0015361749466718281,bmi,24.464181887594478
0.0015361749466718281,bp,15.655140709598866
0.0015361749466718281,s1,-10.646747086871132
0.0015361749466718281,s2,-3.2159600494979905
0.0015361749466718281,s3,1.3080768456722902
0.0015361749466718281,s4,3.5608667499876905
0.0015361749466718281,s5,37.03419421512654
0.0015361749466718281,s6,2.1935138091154993
0.0015361749466718281,bmi_x_bp,6.762083286532508
0.0015361749466718281,bmi_x_s5,1.3712462030606969
0.0015361749466718281,s1_minus_s2,-15.967374873578608
0.0015361749466718281,s3_x_s4,-4.324871117395724
0.002018760254679039,age,2.5844901069247412
0.002018760254679039,sex,-11.94726584341355
0.002018760254679039,bmi,24.46419767766161
0.002018760254679039,bp,15.655119626643046
0.002018760254679039,s1,-10.64636048447614
0.002018760254679039,s2,-3.21589419450797
0.002018760254679039,s3,1.3071922690699505
0.002018760254679039,s4,3.5605417825893397
0.002018760254679039,s5,37.03343831379074
0.002018760254679039,s6,2.193550993284963
0.002018760254679039,bmi_x_bp,6.762093370508234
0.002018760254679039,bmi_x_s5,1.3711865583728549
0.002018760254679039,s1_minus_s2,-15.966686154930068
0.002018760254679039,s3_x_s4,-4.3249277040163
0.0026529484644318944,age,2.584496141391003
0.0026529484644318944,sex,-11.947239846773321
0.0026529484644318944,bmi,24.464218423111227
0.0026529484644318944,bp,15.655091922259292
0.0026529484644318944,s1,-10.645852505574876
0.0026529484644318944,s2,-3.2158076801015
0.0026529484644318944,s3,1.3060299920974492
0.0026529484644318944,s4,3.560114855985732
0.0026529484644318944,s5,37.032445042300715
0.0026529484644318944,s6,2.1935998567707813
0.0026529484644318944,bmi_x_bp,6.76210661943247
0.0026529484644318944,bmi_x_s5,1.3711081853847067
0.0026529484644318944,s1_minus_s2,-15.965781174534264
0.0026529484644318944,s3_x_s4,-4.325002033636925
0.0034863652276780877,age,2.5845040718946417
0.0034863652276780877,sex,-11.947205684022855
0.0034863652276780877,bmi,24.464245677012094
0.0034863652276780877,bp,15.655055517598043
0.0034863652276780877,s1,-10.645185074334325
0.0034863652276780877,s2,-3.215694036272855
0.0034863652276780877,s3,1.3045029117957345
0.0034863652276780877,s4,3.5595540332638467
0.0034863652276780877,s5,37.03113989993684
0.0034863652276780877,s6,2.193664067151288
0.0034863652276780877,bmi_x_bp,6.762124025454324
0.0034863652276780877,bmi_x_s5,1.3710052071321968
0.0034863652276780877,s1_minus_s2,-15.964592064732368
0.0034863652276780877,s3_x_s4,-4.325099655813527
0.004581597669054491,age,2.5845144943067173
0.004581597669054491,sex,-11.947160790283265
0.004581597669054491,bmi,24.464281477672746
0.004581597669054491,bp,15.655007681655455
0.004581597669054491,s1,-10.644308191283553
0.004581597669054491,s2,-3.2155447766895766
0.004581597669054491,s3,1.3024966607035333
0.004581597669054491,s4,3.5588174123449554
0.004581597669054491,s5,37.029425031520226
0.004581597669054491,s6,2.1937484431126046
0.004581597669054491,bmi_x_bp,6.762146890870991
0.004581597669054491,bmi_x_s5,1.3708699051265698
0.004581597669054491,s1_minus_s2,-15.963029689306119
0.004581597669054491,s3_x_s4,-4.3252278457971
0.006020894493336131,age,2.5845281918600103
0.006020894493336131,sex,-11.947101795275804
0.006020894493336131,bmi,24.46432849915288
0.006020894493336131,bp,15.654944827061543
0.006020894493336131,s1,-10.643156217813317
0.006020894493336131,s2,-3.2153487741664537
0.006020894493336131,s3,1.299861113364587
0.006020894493336131,s4,3.5578500445732164
0.006020894493336131,s5,37.02717192677942
0.006020894493336131,s6,2.19385931530168
0.006020894493336131,bmi_x_bp,6.762176924447721
0.006020894493336131,bmi_x_s5,1.3706921442615567
0.006020894493336131,s1_minus_s2,-15.960976998338083
0.006020894493336131,s3_x_s4,-4.325396133833488
0.007912342618981327,age,2.5845461941307253
0.007912342618981327,sex,-11.947024270560705
0.007912342618981327,bmi,24.464390247660937
0.007912342618981327,bp,15.654862242193872
0.007912342618981327,s1,-10.641643010428647
0.007912342618981327,s2,-3.2150914513309754
0.007912342618981327,s3,1.2963992764668455
0.007912342618981327,s4,3.5565799208356386
0.007912342618981327,s5,37.02421185241924
0.007912342618981327,s6,2.194004999985458
0.007912342618981327,bmi_x_bp,6.762216367190976
0.007912342618981327,bmi_x_s5,1.3704586195338457
0.007912342618981327,s1_minus_s2,-15.958280324157032
0.007912342618981327,s3_x_s4,-4.325616991462694
0.0103979841848149,age,2.584569854636359
0.0103979841848149,sex,-11.94692239755398
0.0103979841848149,bmi,24.464471317242225
0.0103979841848149,bp,15.654753739959213
0.0103979841848149,s1,-10.639655563897293
0.0103979841848149,s2,-3.2147537284403613
0.0103979841848149,s3,1.2918527781474791
0.0103979841848149,s4,3.5549127579371316
0.0103979841848149,s5,37.02032332357119
0.0103979841848149,s6,2.1941964205512723
0.0103979841848149,bmi_x_bp,6.762268156244946
0.0103979841848149,bmi_x_s5,1.3701518703926918
0.0103979841848149,s1_minus_s2,-15.954737988448047
0.0103979841848149,s3_x_s4,-4.325906717444182
0.013664483492953258,age,2.5846009529593026
0.013664483492953258,sex,-11.946788531564968
0.013664483492953258,bmi,24.464577721643916
0.013664483492953258,bp,15.654611197657621
0.013664483492953258,s1,-10.637045717242083
0.013664483492953258,s2,-3.2143106648714634
0.013664483492953258,s3,1.285882952463277
0.013664483492953258,s4,3.5527252523744015
0.013664483492953258,s5,37.01521571714883
0.013664483492953258,s6,2.1944479225984814
0.013664483492953258,bmi_x_bp,6.7623361378875115
0.013664483492953258,bmi_x_s5,1.3697489928037194
0.013664483492953258,s1_minus_s2,-15.950085410857136
0.013664483492953258,s3_x_s4,-4.3262865745311165
0.01795714494371641,age,2.584641829203631
0.01795714494371641,sex,-11.946612629411687
0.01795714494371641,bmi,24.464717323295353
0.01795714494371641,bp,15.654423954729998
0.01795714494371641,s1,-10.633619358710037
0.01795714494371641,s2,-3.2137297137683243
0.01795714494371641,s3,1.278046245743599
0.01795714494371641,s4,3.5498563955582103
0.01795714494371641,s5,37.0085078711352
0.01795714494371641,s6,2.1947783422418623
0.01795714494371641,bmi_x_bp,6.762425343332257
0.01795714494371641,bmi_x_s5,1.3692199593661647
0.01795714494371641,s1_minus_s2,-15.943975677302685
0.01795714494371641,s3_x_s4,-4.326784236203458
0.02359833466782194,age,2.5846955611140636
0.02359833466782194,sex,-11.946381498134452
0.02359833466782194,bmi,24.46490038477296
0.02359833466782194,bp,15.654178025485178
0.02359833466782194,s1,-10.62912241776411
0.02359833466782194,s2,-3.2129684979961035
0.02359833466782194,s3,1.2677623503063038
0.02359833466782194,s4,3.5460963706258584
0.02359833466782194,s5,36.999700190839285
0.02359833466782194,s6,2.1952124051133795
0.02359833466782194,bmi_x_bp,6.762542344123828
0.02359833466782194,bmi_x_s5,1.368525433453599
0.02359833466782194,s1_minus_s2,-15.935954241220129
0.02359833466782194,s3_x_s4,-4.327435607068152
0.031011689265747787,age,2.5847661975409038
0.031011689265747787,sex,-11.94607780924247
0.031011689265747787,bmi,24.46514027241824
0.031011689265747787,bp,15.653855071653643
0.031011689265747787,s1,-10.623222764959856
0.031011689265747787,s2,-3.2119720034077726
0.031011689265747787,s3,1.2542731041880317
0.031011689265747787,s4,3.5411724912689753
0.031011689265747787,s5,36.98813838716058
0.031011689265747787,s6,2.195782556408568
0.031011689265747787,bmi_x_bp,6.762695707101006
0.031011689265747787,bmi_x_s5,1.3676139340133078
0.031011689265747787,s1_minus_s2,-15.92542608308536
0.031011689265747787,s3_x_s4,-4.328287076946718
0.040753929658717776,age,2.584859066406767
0.040753929658717776,sex,-11.945678805903091
0.040753929658717776,bmi,24.465454344836285
0.040753929658717776,bp,15.653431064369327
0.040753929658717776,s1,-10.61548694796809
0.040753929658717776,s2,-3.210669093036877
0.040753929658717776,s3,1.2365898065917544
0.040753929658717776,s4,3.5347316271431612
0.040753929658717776,s5,36.972966499748374
0.040753929658717776,s6,2.1965313513027676
0.040753929658717776,bmi_x_bp,6.762896571638425
0.040753929658717776,bmi_x_s5,1.3664181736672423
0.040753929658717776,s1_minus_s2,-15.911613250375007
0.040753929658717776,s3_x_s4,-4.329398247558144
0.05355666917706902,age,2.5849811812938097
0.05355666917706902,sex,-11.945154608382033
0.05355666917706902,bmi,24.46586505865423
0.05355666917706902,bp,15.652874546558111
0.05355666917706902,s1,-10.605350514519017
0.05355666917706902,s2,-3.2089682647220963
0.05355666917706902,s3,1.2134262430492035
0.05355666917706902,s4,3.526318643358183
0.05355666917706902,s5,36.95306631873169
0.05355666917706902,s6,2.19751457133628
0.05355666917706902,bmi_x_bp,6.763159373049946
0.05355666917706902,bmi_x_s5,1.3648503557588967
0.05355666917706902,s1_minus_s2,-15.89350024679689
0.05355666917706902,s3_x_s4,-4.33084511605238
0.07038135554931554,age,2.585141778708176
0.07038135554931554,sex,-11.944465994421607
0.07038135554931554,bmi,24.466401316136356
0.07038135554931554,bp,15.652144384556184
0.07038135554931554,s1,-10.592080526379961
0.07038135554931554,s2,-3.2067526519094693
0.07038135554931554,s3,1.1831145033386845
0.07038135554931554,s4,3.515350660029044
0.07038135554931554,s5,36.92697974594227
0.07038135554931554,s6,2.198805276957926
0.07038135554931554,bmi_x_bp,6.763502733568578
0.07038135554931554,bmi_x_s5,1.3627961801840918
0.07038135554931554,s1_minus_s2,-15.869764289340612
0.07038135554931554,s3_x_s4,-4.332723583991024
0.09249147277217336,age,2.585353028582335
0.09249147277217336,sex,-11.943561494254908
0.09249147277217336,bmi,24.467100056868645
0.09249147277217336,bp,15.651186872404622
0.09249147277217336,s1,-10.574728854242773
0.09249147277217336,s2,-3.2038744155260046
0.09249147277217336,s3,1.143500814685291
0.09249147277217336,s4,3.5010875753018715
0.09249147277217336,s5,36.892810108445865
0.09249147277217336,s6,2.2004990598117757
0.09249147277217336,bmi_x_bp,6.763950532551247
0.09249147277217336,bmi_x_s5,1.3601072819488538
0.09249147277217336,s1_minus_s2,-15.838687081682831
0.09249147277217336,s3_x_s4,-4.335152938427055
0.12154742500762872,age,2.5856309742820325
0.12154742500762872,sex,-11.942373592195032
0.12154742500762872,bmi,24.4680080464008
0.12154742500762872,bp,15.64993202479137
0.12154742500762872,s1,-10.55207507910251
0.12154742500762872,s2,-3.2001489711421045
0.12154742500762872,s3,1.0918194586320817
0.12154742500762872,s4,3.482600555567404
0.12154742500762872,s5,36.84809810918001
0.12154742500762872,s6,2.202720819776389
0.12154742500762872,bmi_x_bp,6.7645331443178165
0.12154742500762872,bmi_x_s5,1.3565918267981472
0.12154742500762872,s1_minus_s2,-15.798044639478514
0.12154742500762872,s3_x_s4,-4.338278551765698
0.1597312280060254,age,2.5859967757599147
0.1597312280060254,sex,-11.940813764963828
0.1597312280060254,bmi,24.469183717878572
0.1597312280060254,bp,15.648288867415916
0.1597312280060254,s1,-10.522558549765584
0.1597312280060254,s2,-3.195350015629546
0.1597312280060254,s3,1.0245449731170848
0.1597312280060254,s4,3.458742483864833
0.1597312280060254,s5,36.78966825309248
0.1597312280060254,s6,2.2056334579320502
0.1597312280060254,bmi_x_bp,6.765288785385737
0.1597312280060254,bmi_x_s5,1.3520030436619634
0.1597312280060254,s1_minus_s2,-15.744972135814727
0.1597312280060254,s3_x_s4,-4.342272361149221
0.20991037201085547,age,2.5864783502728157
0.20991037201085547,sex,-11.938766006459039
0.20991037201085547,bmi,24.47069874513443
0.20991037201085547,bp,15.64613951059445
0.20991037201085547,s1,-10.484200699523742
0.20991037201085547,s2,-3.189207192376179
0.20991037201085547,s3,0.9372271501055187
0.20991037201085547,s4,3.4281282459134346
0.20991037201085547,s5,36.71344269773059
0.20991037201085547,s6,2.2094489396432078
0.20991037201085547,bmi_x_bp,6.766264827658649
0.20991037201085547,bmi_x_s5,1.3460256314840608
0.20991037201085547,s1_minus_s2,-15.67580220150816
0.20991037201085547,s3_x_s4,-4.347328565806695
0.2758531617629184,age,2.587112526929864
0.2758531617629184,sex,-11.936078382184059
0.2758531617629184,bmi,24.47263871610632
0.2758531617629184,bp,15.643331778520718
0.2758531617629184,s1,-10.434521607389643
0.2758531617629184,s2,-3.1814096101516225
0.2758531617629184,s3,0.8243210694531956
0.2758531617629184,s4,3.3891389443402815
0.2758531617629184,s5,36.61422229498063
0.2758531617629184,s6,2.2144422260245733
0.2758531617629184,bmi_x_bp,6.767518788959765
0.2758531617629184,bmi_x_s5,1.338260311835407
0.2758531617629184,s1_minus_s2,-15.58587835511134
0.2758531617629184,s3_x_s4,-4.353650238633827
0.36251170499885355,age,2.5879478471001756
0.36251170499885355,sex,-11.932552011663692
0.36251170499885355,bmi,24.475101758647607
0.36251170499885355,bp,15.63967016746179
0.36251170499885355,s1,-10.370459616214546
0.36251170499885355,s2,-3.1716204425099335
0.36251170499885355,s3,0.6790370809673464
0.36251170499885355,s4,3.3399733634115627
0.36251170499885355,s5,36.48544021023983
0.36251170499885355,s6,2.2209685687591647
0.36251170499885355,bmi_x_bp,6.769118480304316
0.36251170499885355,bmi_x_s5,1.3282074144011666
0.36251170499885355,s1_minus_s2,-15.469351292540797
0.36251170499885355,s3_x_s4,-4.361420021216172
0.47639380104013407,age,2.5890481350016934
0.47639380104013407,sex,-11.92792667168689
0.47639380104013407,bmi,24.47819314489804
0.47639380104013407,bp,15.634904919643013
0.47639380104013407,s1,-10.288310178752514
0.47639380104013407,s2,-3.1595104747753666
0.47639380104013407,s3,0.49325462864074215
0.47639380104013407,s4,3.278782433366955
0.47639380104013407,s5,36.31890335901767
0.47639380104013407,s6,2.2294845651532915
0.47639380104013407,bmi_x_bp,6.77114044390343
0.47639380104013407,bmi_x_s5,1.3152514161830138
0.47639380104013407,s1_minus_s2,-15.318975909995816
0.47639380104013407,s3_x_s4,-4.370744756693084
0.6260516572014821,age,2.5904968947797484
0.6260516572014821,sex,-11.921861907371268
0.6260516572014821,bmi,24.482012643637233
0.6260516572014821,bp,15.62871900473018
0.6260516572014821,s1,-10.183710139019453
0.6260516572014821,s2,-3.144821323090087
0.6260516572014821,s3,0.2575692192825142
0.6260516572014821,s4,3.203936611559275
0.6260516572014821,s5,36.1045525448507
0.6260516572014821,s6,2.240573104465688
0.6260516572014821,bmi_x_bp,6.773665346668361
0.6260516572014821,bmi_x_s5,1.2986499511077176
0.6260516572014821,s1_minus_s2,-15.125942357550567
0.6260516572014821,s3_x_s4,-4.381560282006482
0.8227241341700474,age,2.5924023925190123
0.8227241341700474,sex,-11.913912063428969
0.8227241341700474,bmi,24.486629589182346
0.8227241341700474,bp,15.620712734312395
0.8227241341700474,s1,-10.051705246278425
0.8227241341700474,s2,-3.1274708450598756
0.8227241341700474,s3,-0.03842965379668137
0.8227241341700474,s4,3.1144869459790105
0.8227241341700474,s5,35.83029466751418
0.8227241341700474,s6,2.2549718010855084
0.8227241341700474,bmi_x_bp,6.7767684390188245
0.8227241341700474,bmi_x_s5,1.2775330530968754
0.8227241341700474,s1_minus_s2,-14.879795452073036
0.8227241341700474,s3_x_s4,-4.393480140552064
1.0811807510766078,age,2.594902839129171
1.0811807510766078,sex,-11.903492898375964
1.0811807510766078,bmi,24.492038252163457
1.0811807510766078,bp,15.61038545941498
1.0811807510766078,s1,-9.886948162431112
1.0811807510766078,s2,-3.1077112196175647
1.0811807510766078,s3,-0.40553032966312375
1.0811807510766078,s4,3.010876731133315
1.0811807510766078,s5,35.481988971341906
1.0811807510766078,s6,2.2736035831179944
1.0811807510766078,bmi_x_bp,6.780502685531853
1.0811807510766078,bmi_x_s5,1.2509211995713918
1.0811807510766078,s1_minus_s2,-14.56852145153182
1.0811807510766078,s3_x_s4,-4.40557393800535
1.4208308325339238,age,2.5981702481781435
1.4208308325339238,sex,-11.889836285252136
1.4208308325339238,bmi,24.498083286947903
1.4208308325339238,bp,15.597113084530285
1.4208308325339238,s1,-9.684074003981317
1.4208308325339238,s2,-3.0863396073855025
1.4208308325339238,s3,-0.8538069768464329
1.4208308325339238,s4,2.8959224234949974
1.4208308325339238,s5,35.04369957285968
1.4208308325339238,s6,2.29760668178126
1.4208308325339238,bmi_x_bp,6.784872012452809
1.4208308325339238,bmi_x_s5,1.2177736202207732
1.4208308325339238,s1_minus_s2,-14.178903321836199
1.4208308325339238,s3_x_s4,-4.416072963933665
1.8671810912919207,age,2.6024101687611636
1.8671810912919207,sex,-11.87192783765974
1.8671810912919207,bmi,24.504342304761906
1.8671810912919207,bp,15.580118687304239
1.8671810912919207,s1,-9.4382792417704
1.8671810912919207,s2,-3.0649363952076647
1.8671810912919207,s3,-1.3910127855526595
1.8671810912919207,s4,2.775984784711773
1.8671810912919207,s5,34.49834824129367
1.8671810912919207,s6,2.3283593514444094
1.8671810912919207,bmi_x_bp,6.789792739718429
1.8671810912919207,bmi_x_s5,1.177080300884698
1.8671810912919207,s1_minus_s2,-13.697253371827223
1.8671810912919207,s3_x_s4,-4.422029426667714
2.4537511066398165,age,2.607852652590988
2.4537511066398165,sex,-11.84842025347945
2.4537511066398165,bmi,24.509951011771108
2.4537511066398165,bp,15.558431209984802
2.4537511066398165,s1,-9.146076718194047
2.4537511066398165,s2,-3.0460634936988655
2.4537511066398165,s3,-2.0205539585657735
2.4537511066398165,s4,2.66207840400848
2.4537511066398165,s5,33.828898076916566
2.4537511066398165,s6,2.3674925211663687
2.4537511066398165,bmi_x_bp,6.795043109677495
2.4537511066398165,bmi_x_s5,1.1280105140829377
2.4537511066398165,s1_minus_s2,-13.110609243890945
2.4537511066398165,s3_x_s4,-4.419005210900144
3.224590545296398,age,2.6147280873114416
3.224590545296398,sex,-11.817513412104427
3.224590545296398,bmi,24.513357476873654
3.224590545296398,bp,15.530824374148352
3.224590545296398,s1,-8.806114810939645
3.224590545296398,s2,-3.0333019072494447
3.224590545296398,s3,-2.7393666225120956
3.224590545296398,s4,2.5704451130765795
3.224590545296398,s5,33.020150403191884
3.224590545296398,s6,2.4168820158736377
3.224590545296398,bmi_x_bp,6.800203924541663
3.224590545296398,bmi_x_s5,1.0701256170893292
3.224590545296398,s1_minus_s2,-12.408411325484874
3.224590545296398,s3_x_s4,-4.400928678742341
4.237587160604064,age,2.62322133987857
4.237587160604064,sex,-11.776792373903533
4.237587160604064,bmi,24.51199804464731
4.237587160604064,bp,15.495726072168603
4.237587160604064,s1,-8.41985728090366
4.237587160604064,s2,-3.0309698852452653
4.237587160604064,s3,-3.536253157501638
4.237587160604064,s4,2.521947816990828
4.237587160604064,s5,32.06112727559807
4.237587160604064,s6,2.478612413050849
4.237587160604064,bmi_x_bp,6.804596767353944
4.237587160604064,bmi_x_s5,1.0036527115312097
4.237587160604064,s1_minus_s2,-11.584564409618736
4.237587160604064,s3_x_s4,-4.360303696301812
5.568813990945267,age,2.633401185147657
5.568813990945267,sex,-11.723018897339607
5.568813990945267,bmi,24.501900351881023
5.568813990945267,bp,15.45108999151401
5.568813990945267,s1,-7.991874840221002
5.568813990945267,s2,-3.0433855994041945
5.568813990945267,s3,-4.391329520717323
5.568813990945267,s4,2.5397084802369743
5.568813990945267,s5,30.947834810739586
5.568813990945267,s6,2.5549087866781326
5.568813990945267,bmi_x_bp,6.80722817082294
5.568813990945267,bmi_x_s5,0.929798018262341
5.568813990945267,s1_minus_s2,-10.639640378663252
5.568813990945267,s3_x_s4,-4.288931595387919
7.318242219076182,age,2.6451310540784014
7.318242219076182,sex,-11.651883360216585
7.318242219076182,bmi,24.477240163799653
7.318242219076182,bp,15.394228616896466
7.318242219076182,s1,-7.529554992893781
7.318242219076182,s2,-3.073662873626688
7.318242219076182,s3,-5.277041236083292
7.318242219076182,s4,2.6448861755488227
7.318242219076182,s5,29.685969221477414
7.318242219076182,s6,2.648041347795537
7.318242219076182,bmi_x_bp,6.8067464098866965
7.318242219076182,bmi_x_s5,0.851055329742446
7.318242219076182,s1_minus_s2,-9.58283135064231
7.318242219076182,s3_x_s4,-4.179166665121978
9.617248711152964,age,2.657980888398491
9.617248711152964,sex,-11.557742481557831
9.617248711152964,bmi,24.429906802301034
9.617248711152964,bp,15.32162031948182
9.617248711152964,s1,-7.042199929256529
9.617248711152964,s2,-3.122246811327506
9.617248711152964,s3,-6.160714287919973
9.617248711152964,s4,2.8513381536473035
9.617248711152964,s5,28.29287886666727
9.617248711152964,s6,2.7602186700074416
9.617248711152964,bmi_x_bp,6.801412171396058
9.617248711152964,bmi_x_s5,0.771438727652579
9.617248711152964,s1_minus_s2,-8.433146030561625
9.617248711152964,s3_x_s4,-4.025479628253362
12.638482029342972,age,2.6711728364503755
12.638482029342972,sex,-11.433390627563238
12.638482029342972,bmi,24.349159563249167
12.638482029342972,bp,15.228719402615347
12.638482029342972,s1,-6.539682233687967
12.638482029342972,s2,-3.1856159062939158
12.638482029342972,s3,-7.008038507319542
12.638482029342972,s4,3.1607633426231043
12.638482029342972,s5,26.797933332768828
12.638482029342972,s6,2.8934892768714273
12.638482029342972,bmi_x_bp,6.789077974925206
12.638482029342972,bmi_x_s5,0.6965478873562738
12.638482029342972,s1_minus_s2,-7.219301127529338
12.638482029342972,s3_x_s4,-3.8258601821873266
16.608827826277167,age,2.6835964955536635
16.608827826277167,sex,-11.26993238686769
16.608827826277167,bmi,24.22147136750752
16.608827826277167,bp,15.109810551130769
16.608827826277167,s1,-6.030959571551346
16.608827826277167,s2,-3.2556515708624256
16.608827826277167,s3,-7.786566688622979
16.608827826277167,s4,3.5602155274495226
16.608827826277167,s5,25.24055424543853
16.608827826277167,s6,3.0496559457138317
16.608827826277167,bmi_x_bp,6.767167927929261
16.608827826277167,bmi_x_s5,0.6333737246915501
16.608827826277167,s1_minus_s2,-5.977882651872546
16.608827826277167,s3_x_s4,-3.5825209412598853
21.826447283974872,age,2.693915088933909
21.826447283974872,sex,-11.056836593991836
21.826447283974872,bmi,24.03064439832686
21.826447283974872,bp,14.95795368090987
21.826447283974872,s1,-5.522762537727976
21.826447283974872,s2,-3.320007332122912
21.826447283974872,s3,-8.468426326294198
21.826447283974872,s4,4.023213398432643
21.826447283974872,s5,23.66570143590765
21.826447283974872,s6,3.2301639899988235
21.826447283974872,bmi_x_bp,6.732651186158189
21.826447283974872,bmi_x_s5,0.589786975502079
21.826447283974872,s1_minus_s2,-4.749740627691208
21.826447283974872,s3_x_s4,-3.3015840696285625
28.68316813342015,age,2.7007538941669496
28.68316813342015,sex,-10.7822583415015
28.68316813342015,bmi,23.758250905778688
28.68316813342015,bp,14.76506255403278
28.68316813342015,s1,-5.018704906072117
28.68316813342015,s2,-3.3634521407895335
28.68316813342015,s3,-9.03185609700957
28.68316813342015,s4,4.514276387875069
28.68316813342015,s5,22.11752301992885
28.68316813342015,s6,3.4358649923460445
28.68316813342015,bmi_x_bp,6.682008169308461
28.68316813342015,bmi_x_s5,0.5737194519149332
28.68316813342015,s1_minus_s2,-3.5752067002860906
28.68316813342015,s3_x_s4,-2.991871869223909
37.69390975388364,age,2.7029280474781654
37.69390975388364,sex,-10.433721377042183
37.69390975388364,bmi,23.384427975311624
37.69390975388364,bp,14.522155091016629
37.69390975388364,s1,-4.518989338399522
37.69390975388364,s2,-3.3698143230650244
37.69390975388364,s3,-9.46161605759871
37.69390975388364,s4,4.995337717095178
37.69390975388364,s5,20.632745007883862
37.69390975388364,s6,3.6665180423506016
37.69390975388364,bmi_x_bp,6.611196251767683
37.69390975388364,bmi_x_s5,0.5921153993470053
37.69390975388364,s1_minus_s2,-2.4893047908423305
37.69390975388364,s3_x_s4,-2.663341881836407
49.5353520895917,age,2.699642048743333
49.5353520895917,sex,-9.999256804170178
49.5353520895917,bmi,22.889064177593944
49.5353520895917,bp,14.219806281210126
49.5353520895917,s1,-4.020812113019783
49.5353520895917,s2,-3.3240202799114535
49.5353520895917,s3,-9.748592416265529
49.5353520895917,s4,5.431910452118391
49.5353520895917,s5,19.235632597404486
49.5353520895917,s6,3.919921447490928
49.5353520895917,bmi_x_bp,6.51563117156707
49.5353520895917,bmi_x_s5,0.6497607618527708
49.5353520895917,s1_minus_s2,-1.5182590613540299
49.5353520895917,s3_x_s4,-2.325846836106109
65.09675230458177,age,2.6905830113746645
65.09675230458177,sex,-9.46907218367325
65.09675230458177,bmi,22.25344502703759
65.09675230458177,bp,13.848819142224292
65.09675230458177,s1,-3.519482081028811
65.09675230458177,s2,-3.2138573747852126
65.09675230458177,s3,-9.889007130940072
65.09675230458177,s4,5.797332805843178
65.09675230458177,s5,17.935781935128425
65.09675230458177,s6,4.19070226824034
65.09675230458177,bmi_x_bp,6.390212833633269
65.09675230458177,bmi_x_s5,0.7480918140457979
65.09675230458177,s1_minus_s2,-0.6781243997387743
65.09675230458177,s3_x_s4,-1.988670490721748
85.54672535565685,age,2.6758317863021586
85.54672535565685,sex,-8.837734611482102
85.54672535565685,bmi,21.462407485084846
85.54672535565685,bp,13.401095031200951
85.54672535565685,s1,-3.0101465157365985
85.54672535565685,s2,-3.0313583252739025
85.54672535565685,s3,-9.883603801387752
85.54672535565685,s4,6.074457723327322
85.54672535565685,s5,16.728948005829846
85.54672535565685,s6,4.469016786797256
85.54672535565685,bmi_x_bp,6.229440198078419
85.54672535565685,bmi_x_s5,0.8840947326080486
85.54672535565685,s1_minus_s2,0.02447126589065501
85.54672535565685,s3_x_s4,-1.6608243755221543
112.42100350620862,age,2.6555355565511074
112.42100350620862,sex,-8.106654679109337
112.42100350620862,bmi,20.50691633733015
112.42100350620862,bp,12.870631621831382
112.42100350620862,s1,-2.489874836486706
112.42100350620862,s2,-2.77390033722508
112.42100350620862,s3,-9.737055021884037
112.42100350620862,s4,6.255108608057226
112.42100350620862,s5,15.60019612344385
112.42100350620862,s6,4.739658930397673
112.42100350620862,bmi_x_bp,6.0276796450717285
112.42100350620862,bmi_x_s5,1.0494926550204928
112.42100350620862,s1_minus_s2,0.5902065952790206
112.42100350620862,s3_x_s4,-1.351635262803348
147.73776525985127,age,2.6293440960127152
147.73776525985127,sex,-7.286369464001353
147.73776525985127,bmi,19.386708039054206
147.73776525985127,bp,12.254525451695152
147.73776525985127,s1,-1.9597174346024593
147.73776525985127,s2,-2.445114166070532
147.73776525985127,s3,-9.457656560431653
147.73776525985127,s4,6.3381051395928765
147.73776525985127,s5,14.528267748199394
147.73776525985127,s6,4.982202788403705
147.73776525985127,bmi_x_bp,5.779671499618385
147.73776525985127,bmi_x_s5,1.2305641135637702
147.73776525985127,s1_minus_s2,1.0245933498456286
147.73776525985127,s3_x_s4,-1.070932790972635
194.14919457438816,age,2.595729757194045
194.14919457438816,sex,-6.397848086579019
194.14919457438816,bmi,18.112359752118444
194.14919457438816,bp,11.55383808163297
194.14919457438816,s1,-1.4262613907661772
194.14919457438816,s2,-2.0555283195780927
194.14919457438816,s3,-9.057199361541272
194.14919457438816,s4,6.326708145228338
194.14919457438816,s5,13.490144504707466
194.14919457438816,s6,5.172668956648166
194.14919457438816,bmi_x_bp,5.481362719140532
194.14919457438816,bmi_x_s5,1.4090266150798656
194.14919457438816,s1_minus_s2,1.336015984213197
194.14919457438816,s3_x_s4,-0.8282901282244297
255.14065200312874,age,2.5514624927030742
255.14065200312874,sex,-5.471976386198447
255.14065200312874,bmi,16.70603345630466
255.14065200312874,bp,10.77421369272312
255.14065200312874,s1,-0.9021909146068078
255.14065200312874,s2,-1.6226565372324833
255.14065200312874,s3,-8.550814501744737
255.14065200312874,s4,6.2261952379538075
255.14065200312874,s5,12.46510850029503
255.14065200312874,s6,5.286741202454984
255.14065200312874,bmi_x_bp,5.131095553879433
255.14065200312874,bmi_x_s5,1.5642783041982948
255.14065200312874,s1_minus_s2,1.5347161567176957
255.14065200312874,s3_x_s4,-0.6312731275923268
335.292414924956,age,2.4915976577060306
335.292414924956,sex,-4.546706773781816
335.292414924956,bmi,15.200382890914286
335.292414924956,bp,9.926181459299764
335.292414924956,s1,-0.40547736316856287
335.292414924956,s2,-1.1701200923724095
335.292414924956,s3,-7.95661064911477
335.292414924956,s4,6.042141269788118
335.292414924956,s5,11.437895189551714
335.292414924956,s6,5.303916647515393
335.292414924956,bmi_x_bp,4.731009411809494
335.292414924956,bmi_x_s5,1.6768339014249103
335.292414924956,s1_minus_s2,1.6326535165316562
335.292414924956,s3_x_s4,-0.4833151208042921
440.6236427773573,age,2.410235643922437
440.6236427773573,sex,-3.6621019506467576
440.6236427773573,bmi,13.635665947866077
440.6236427773573,bp,9.025087355364425
440.6236427773573,s1,0.04290512657633985
440.6236427773573,s2,-0.7254873517261424
440.6236427773573,s3,-7.295043011954273
440.6236427773573,s4,5.779824808549458
440.6236427773573,s5,10.400734107128836
440.6236427773573,s6,5.211486335865081
440.6236427773573,bmi_x_bp,4.288241826191019
440.6236427773573,bmi_x_s5,1.7321634600207836
440.6236427773573,s1_minus_s2,1.6437866262272667
440.6236427773573,s3_x_s4,-0.38226644749535155
579.0443980602483,age,2.3020031872236784
579.0443980602483,sex,-2.8543786890223286
579.0443980602483,bmi,12.055710581255548
579.0443980602483,bp,8.090568374238073
579.0443980602483,s1,0.4224478132256729
579.0443980602483,s2,-0.3168436801684156
579.0443980602483,s3,-6.588082263738401
579.0443980602483,s4,5.444892167673231
579.0443980602483,s5,9.354199785380741
579.0443980602483,s6,5.007214662304091
579.0443980602483,bmi_x_bp,3.815307587704459
579.0443980602483,bmi_x_s5,1.723711770016184
579.0443980602483,s1_minus_s2,1.5841784881759595
579.0443980602483,s3_x_s4,-0.3205097913420313
760.9496685459883,age,2.163826588846724
760.9496685459883,sex,-2.150592046208352
760.9496685459883,bmi,10.50369791957086
760.9496685459883,bp,7.145470031704751
760.9496685459883,s1,0.71704036987763
760.9496685459883,s2,0.031391193247566215
760.9496685459883,s3,-5.858301140980923
760.9496685459883,s4,5.04494653757056
760.9496685459883,s5,8.306888704665084
760.9496685459883,s6,4.70002692692196
760.9496685459883,bmi_x_bp,3.3291411433652573
760.9496685459883,bmi_x_s5,1.654000885315833
760.9496685459883,s1_minus_s2,1.471489956367858
760.9496685459883,s3_x_s4,-0.28678853560638967
1000.0,age,1.9963445550887196
1000.0,sex,-1.5654390499455404
1000.0,bmi,9.01859601675549
1000.0,bp,6.214187774105246
1000.0,s1,0.9183369962784579
1000.0,s2,0.302394484194451
1000.0,s3,-5.1279395293898915
1000.0,s4,4.59125727085611
1000.0,s5,7.2740105053085315
1000.0,s6,4.3086444854874735
1000.0,bmi_x_bp,2.848795502509193
1000.0,bmi_x_s5,1.5334353714055837
1000.0,s1_minus_s2,1.3237942253820754
1000.0,s3_x_s4,-0.2690252202779868
